Player,Matchup,Sportsbook,Over EV%,Over Odds,Over Line,Under EV%,Under Odds,Under Line,Time,Date,Scrape Date,Actual Ks,Over Result,Under Result
Taijuan Walker(P),"PHI
vs.
ARI",FanDuel,,,,,,,,04/12/2026,04/12/2026,6,NoStat,NoStat
Taijuan Walker(P),"PHI
vs.
ARI",FanDuel,,,,,,,,04/12/2026,04/12/2026,6,NoStat,NoStat
Taijuan Walker(P),"PHI
vs.
ARI",FanDuel,,,,,,,,04/12/2026,04/12/2026,6,NoStat,NoStat
Taijuan Walker(P),"PHI
vs.
ARI",FanDuel,,,,,,,,04/12/2026,04/12/2026,6,NoStat,NoStat
Taijuan Walker(P),"PHI
vs.
ARI",FanDuel,,,,,,,,04/12/2026,04/12/2026,6,NoStat,NoStat
Taijuan Walker(P),"PHI
vs.
ARI",FanDuel,,,,,,,,04/12/2026,04/12/2026,6,NoStat,NoStat
Taijuan Walker(P),"PHI
vs.
ARI",FanDuel,,,,,,,,04/12/2026,04/12/2026,6,NoStat,NoStat
Taijuan Walker(P),"PHI
vs.
ARI",FanDuel,,,,,,,,04/12/2026,04/12/2026,6,NoStat,NoStat
Taijuan Walker(P),"PHI
vs.
ARI",FanDuel,,,,,,,,04/12/2026,04/12/2026,6,NoStat,NoStat
Taijuan Walker(P),"PHI
vs.
ARI",FanDuel,,,,,,,,04/12/2026,04/12/2026,6,NoStat,NoStat
Taijuan Walker(P),"PHI
vs.
ARI",FanDuel,,,,,,,,04/12/2026,04/12/2026,6,NoStat,NoStat
Taijuan Walker(P),"PHI
vs.
ARI",FanDuel,,,,,,,,04/12/2026,04/12/2026,6,NoStat,NoStat
Taijuan Walker(P),"PHI
vs.
ARI",FanDuel,,,,,,,,04/12/2026,04/12/2026,6,NoStat,NoStat
Taijuan Walker(P),"PHI
vs.
ARI",FanDuel,,,,,,,,04/12/2026,04/12/2026,6,NoStat,NoStat
Taijuan Walker(P),"PHI
vs.
ARI",FanDuel,,,,,,,,04/12/2026,04/12/2026,6,NoStat,NoStat
Taijuan Walker(P),"PHI
vs.
ARI",FanDuel,,,,,,,,04/12/2026,04/12/2026,6,NoStat,NoStat
Taijuan Walker(P),"PHI
vs.
ARI",FanDuel,,,,,,,,04/12/2026,04/12/2026,6,NoStat,NoStat
Taijuan Walker(P),"PHI
vs.
ARI",FanDuel,,,,,,,,04/12/2026,04/12/2026,6,NoStat,NoStat
Taijuan Walker(P),"PHI
vs.
ARI",FanDuel,,,,,,,,04/12/2026,04/12/2026,6,NoStat,NoStat
Taijuan Walker(P),"PHI
vs.
ARI",FanDuel,,,,,,,,04/12/2026,04/12/2026,6,NoStat,NoStat
Taijuan Walker(P),"PHI
vs.
ARI",FanDuel,,,,,,,,04/12/2026,04/12/2026,6,NoStat,NoStat
Taijuan Walker(P),"PHI
vs.
ARI",FanDuel,,,,,,,,04/12/2026,04/12/2026,6,NoStat,NoStat
Taijuan Walker(P),"PHI
vs.
ARI",FanDuel,,,,,,,,04/12/2026,04/12/2026,6,NoStat,NoStat
Taijuan Walker(P),"PHI
vs.
ARI",FanDuel,,,,,,,,04/12/2026,04/12/2026,6,NoStat,NoStat
Casey Mize(P),"DET
vs.
MIA",FanDuel,,,,,,,,04/12/2026,04/12/2026,5,NoStat,NoStat
Casey Mize(P),"DET
vs.
MIA",FanDuel,,,,,,,,04/12/2026,04/12/2026,5,NoStat,NoStat
Casey Mize(P),"DET
vs.
MIA",FanDuel,,,,,,,,04/12/2026,04/12/2026,5,NoStat,NoStat
Casey Mize(P),"DET
vs.
MIA",FanDuel,,,,,,,,04/12/2026,04/12/2026,5,NoStat,NoStat
Casey Mize(P),"DET
vs.
MIA",FanDuel,,,,,,,,04/12/2026,04/12/2026,5,NoStat,NoStat
Casey Mize(P),"DET
vs.
MIA",FanDuel,,,,,,,,04/12/2026,04/12/2026,5,NoStat,NoStat
Casey Mize(P),"DET
vs.
MIA",FanDuel,,,,,,,,04/12/2026,04/12/2026,5,NoStat,NoStat
Casey Mize(P),"DET
vs.
MIA",FanDuel,,,,,,,,04/12/2026,04/12/2026,5,NoStat,NoStat
Casey Mize(P),"DET
vs.
MIA",FanDuel,,,,,,,,04/12/2026,04/12/2026,5,NoStat,NoStat
Casey Mize(P),"DET
vs.
MIA",FanDuel,,,,,,,,04/12/2026,04/12/2026,5,NoStat,NoStat
Casey Mize(P),"DET
vs.
MIA",FanDuel,,,,,,,,04/12/2026,04/12/2026,5,NoStat,NoStat
Casey Mize(P),"DET
vs.
MIA",FanDuel,,,,,,,,04/12/2026,04/12/2026,5,NoStat,NoStat
Casey Mize(P),"DET
vs.
MIA",FanDuel,,,,,,,,04/12/2026,04/12/2026,5,NoStat,NoStat
Casey Mize(P),"DET
vs.
MIA",FanDuel,,,,,,,,04/12/2026,04/12/2026,5,NoStat,NoStat
Casey Mize(P),"DET
vs.
MIA",FanDuel,,,,,,,,04/12/2026,04/12/2026,5,NoStat,NoStat
Casey Mize(P),"DET
vs.
MIA",FanDuel,,,,,,,,04/12/2026,04/12/2026,5,NoStat,NoStat
Casey Mize(P),"DET
vs.
MIA",FanDuel,,,,,,,,04/12/2026,04/12/2026,5,NoStat,NoStat
Casey Mize(P),"DET
vs.
MIA",FanDuel,,,,,,,,04/12/2026,04/12/2026,5,NoStat,NoStat
Casey Mize(P),"DET
vs.
MIA",FanDuel,,,,,,,,04/12/2026,04/12/2026,5,NoStat,NoStat
Casey Mize(P),"DET
vs.
MIA",FanDuel,,,,,,,,04/12/2026,04/12/2026,5,NoStat,NoStat
Casey Mize(P),"DET
vs.
MIA",FanDuel,,,,,,,,04/12/2026,04/12/2026,5,NoStat,NoStat
Casey Mize(P),"DET
vs.
MIA",FanDuel,,,,,,,,04/12/2026,04/12/2026,5,NoStat,NoStat
Casey Mize(P),"DET
vs.
MIA",FanDuel,,,,,,,,04/12/2026,04/12/2026,5,NoStat,NoStat
Casey Mize(P),"DET
vs.
MIA",FanDuel,,,,,,,,04/12/2026,04/12/2026,5,NoStat,NoStat
Michael Wacha(P),"KC
vs.
CWS",FanDuel,,,,,,,,04/12/2026,04/12/2026,7,NoStat,NoStat
Michael Wacha(P),"KC
vs.
CWS",FanDuel,,,,,,,,04/12/2026,04/12/2026,7,NoStat,NoStat
Michael Wacha(P),"KC
vs.
CWS",FanDuel,,,,,,,,04/12/2026,04/12/2026,7,NoStat,NoStat
Michael Wacha(P),"KC
vs.
CWS",FanDuel,,,,,,,,04/12/2026,04/12/2026,7,NoStat,NoStat
Michael Wacha(P),"KC
vs.
CWS",FanDuel,,,,,,,,04/12/2026,04/12/2026,7,NoStat,NoStat
Michael Wacha(P),"KC
vs.
CWS",FanDuel,,,,,,,,04/12/2026,04/12/2026,7,NoStat,NoStat
Michael Wacha(P),"KC
vs.
CWS",FanDuel,,,,,,,,04/12/2026,04/12/2026,7,NoStat,NoStat
Michael Wacha(P),"KC
vs.
CWS",FanDuel,,,,,,,,04/12/2026,04/12/2026,7,NoStat,NoStat
Michael Wacha(P),"KC
vs.
CWS",FanDuel,,,,,,,,04/12/2026,04/12/2026,7,NoStat,NoStat
Michael Wacha(P),"KC
vs.
CWS",FanDuel,,,,,,,,04/12/2026,04/12/2026,7,NoStat,NoStat
Michael Wacha(P),"KC
vs.
CWS",FanDuel,,,,,,,,04/12/2026,04/12/2026,7,NoStat,NoStat
Michael Wacha(P),"KC
vs.
CWS",FanDuel,,,,,,,,04/12/2026,04/12/2026,7,NoStat,NoStat
Michael Wacha(P),"KC
vs.
CWS",FanDuel,,,,,,,,04/12/2026,04/12/2026,7,NoStat,NoStat
Michael Wacha(P),"KC
vs.
CWS",FanDuel,,,,,,,,04/12/2026,04/12/2026,7,NoStat,NoStat
Michael Wacha(P),"KC
vs.
CWS",FanDuel,,,,,,,,04/12/2026,04/12/2026,7,NoStat,NoStat
Michael Wacha(P),"KC
vs.
CWS",FanDuel,,,,,,,,04/12/2026,04/12/2026,7,NoStat,NoStat
Michael Wacha(P),"KC
vs.
CWS",FanDuel,,,,,,,,04/12/2026,04/12/2026,7,NoStat,NoStat
Michael Wacha(P),"KC
vs.
CWS",FanDuel,,,,,,,,04/12/2026,04/12/2026,7,NoStat,NoStat
Michael Wacha(P),"KC
vs.
CWS",FanDuel,,,,,,,,04/12/2026,04/12/2026,7,NoStat,NoStat
Michael Wacha(P),"KC
vs.
CWS",FanDuel,,,,,,,,04/12/2026,04/12/2026,7,NoStat,NoStat
Michael Wacha(P),"KC
vs.
CWS",FanDuel,,,,,,,,04/12/2026,04/12/2026,7,NoStat,NoStat
Michael Wacha(P),"KC
vs.
CWS",FanDuel,,,,,,,,04/12/2026,04/12/2026,7,NoStat,NoStat
Michael Wacha(P),"KC
vs.
CWS",FanDuel,,,,,,,,04/12/2026,04/12/2026,7,NoStat,NoStat
Michael Wacha(P),"KC
vs.
CWS",FanDuel,,,,,,,,04/12/2026,04/12/2026,7,NoStat,NoStat
Michael Wacha(P),"KC
vs.
CWS",Caesars,,,,,,,,04/12/2026,04/12/2026,7,NoStat,NoStat
Michael Wacha(P),"KC
vs.
CWS",Caesars,,,,,,,,04/12/2026,04/12/2026,7,NoStat,NoStat
Michael Wacha(P),"KC
vs.
CWS",Caesars,,,,,,,,04/12/2026,04/12/2026,7,NoStat,NoStat
Michael Wacha(P),"KC
vs.
CWS",BetMGM,,,,,,,,04/12/2026,04/12/2026,7,NoStat,NoStat
Michael Wacha(P),"KC
vs.
CWS",BetMGM,,,,,,,,04/12/2026,04/12/2026,7,NoStat,NoStat
Michael Wacha(P),"KC
vs.
CWS",BetMGM,,,,,,,,04/12/2026,04/12/2026,7,NoStat,NoStat
Erick Fedde(P),"CWS
@
KC",FanDuel,,,,,,,,04/12/2026,04/12/2026,4,NoStat,NoStat
Erick Fedde(P),"CWS
@
KC",FanDuel,,,,,,,,04/12/2026,04/12/2026,4,NoStat,NoStat
Erick Fedde(P),"CWS
@
KC",FanDuel,,,,,,,,04/12/2026,04/12/2026,4,NoStat,NoStat
Erick Fedde(P),"CWS
@
KC",FanDuel,,,,,,,,04/12/2026,04/12/2026,4,NoStat,NoStat
Erick Fedde(P),"CWS
@
KC",FanDuel,,,,,,,,04/12/2026,04/12/2026,4,NoStat,NoStat
Erick Fedde(P),"CWS
@
KC",FanDuel,,,,,,,,04/12/2026,04/12/2026,4,NoStat,NoStat
Erick Fedde(P),"CWS
@
KC",FanDuel,,,,,,,,04/12/2026,04/12/2026,4,NoStat,NoStat
Erick Fedde(P),"CWS
@
KC",FanDuel,,,,,,,,04/12/2026,04/12/2026,4,NoStat,NoStat
Erick Fedde(P),"CWS
@
KC",FanDuel,,,,,,,,04/12/2026,04/12/2026,4,NoStat,NoStat
Erick Fedde(P),"CWS
@
KC",FanDuel,,,,,,,,04/12/2026,04/12/2026,4,NoStat,NoStat
Erick Fedde(P),"CWS
@
KC",FanDuel,,,,,,,,04/12/2026,04/12/2026,4,NoStat,NoStat
Erick Fedde(P),"CWS
@
KC",FanDuel,,,,,,,,04/12/2026,04/12/2026,4,NoStat,NoStat
Erick Fedde(P),"CWS
@
KC",FanDuel,,,,,,,,04/12/2026,04/12/2026,4,NoStat,NoStat
Erick Fedde(P),"CWS
@
KC",FanDuel,,,,,,,,04/12/2026,04/12/2026,4,NoStat,NoStat
Erick Fedde(P),"CWS
@
KC",FanDuel,,,,,,,,04/12/2026,04/12/2026,4,NoStat,NoStat
Erick Fedde(P),"CWS
@
KC",FanDuel,,,,,,,,04/12/2026,04/12/2026,4,NoStat,NoStat
Erick Fedde(P),"CWS
@
KC",FanDuel,,,,,,,,04/12/2026,04/12/2026,4,NoStat,NoStat
Erick Fedde(P),"CWS
@
KC",FanDuel,,,,,,,,04/12/2026,04/12/2026,4,NoStat,NoStat
Erick Fedde(P),"CWS
@
KC",FanDuel,,,,,,,,04/12/2026,04/12/2026,4,NoStat,NoStat
Erick Fedde(P),"CWS
@
KC",FanDuel,,,,,,,,04/12/2026,04/12/2026,4,NoStat,NoStat
Erick Fedde(P),"CWS
@
KC",FanDuel,,,,,,,,04/12/2026,04/12/2026,4,NoStat,NoStat
Erick Fedde(P),"CWS
@
KC",FanDuel,,,,,,,,04/12/2026,04/12/2026,4,NoStat,NoStat
Erick Fedde(P),"CWS
@
KC",FanDuel,,,,,,,,04/12/2026,04/12/2026,4,NoStat,NoStat
Erick Fedde(P),"CWS
@
KC",FanDuel,,,,,,,,04/12/2026,04/12/2026,4,NoStat,NoStat
Brandon Williamson,"CIN
vs.
LAA",Caesars,,,,,,,,04/12/2026,04/12/2026,3,NoStat,NoStat
Brandon Williamson,"CIN
vs.
LAA",Caesars,,,,,,,,04/12/2026,04/12/2026,3,NoStat,NoStat
Brandon Williamson,"CIN
vs.
LAA",Caesars,,,,,,,,04/12/2026,04/12/2026,3,NoStat,NoStat
Brandon Williamson,"CIN
vs.
LAA",BetMGM,,,,,,,,04/12/2026,04/12/2026,3,NoStat,NoStat
Brandon Williamson,"CIN
vs.
LAA",BetMGM,,,,,,,,04/12/2026,04/12/2026,3,NoStat,NoStat
Brandon Williamson,"CIN
vs.
LAA",BetMGM,,,,,,,,04/12/2026,04/12/2026,3,NoStat,NoStat
George Klassen(P),"LAA
@
CIN",Caesars,,,,,,,,04/12/2026,04/12/2026,2,NoStat,NoStat
George Klassen(P),"LAA
@
CIN",Caesars,,,,,,,,04/12/2026,04/12/2026,2,NoStat,NoStat
George Klassen(P),"LAA
@
CIN",Caesars,,,,,,,,04/12/2026,04/12/2026,2,NoStat,NoStat
George Klassen(P),"LAA
@
CIN",BetMGM,,,,,,,,04/12/2026,04/12/2026,2,NoStat,NoStat
George Klassen(P),"LAA
@
CIN",BetMGM,,,,,,,,04/12/2026,04/12/2026,2,NoStat,NoStat
George Klassen(P),"LAA
@
CIN",BetMGM,,,,,,,,04/12/2026,04/12/2026,2,NoStat,NoStat
Kodai Senga(P),"NYM
vs.
OAK",FanDuel,,,,,,,,04/12/2026,04/12/2026,3,NoStat,NoStat
Kodai Senga(P),"NYM
vs.
OAK",FanDuel,,,,,,,,04/12/2026,04/12/2026,3,NoStat,NoStat
Kodai Senga(P),"NYM
vs.
OAK",FanDuel,,,,,,,,04/12/2026,04/12/2026,3,NoStat,NoStat
Kodai Senga(P),"NYM
vs.
OAK",FanDuel,,,,,,,,04/12/2026,04/12/2026,3,NoStat,NoStat
Kodai Senga(P),"NYM
vs.
OAK",FanDuel,,,,,,,,04/12/2026,04/12/2026,3,NoStat,NoStat
Kodai Senga(P),"NYM
vs.
OAK",FanDuel,,,,,,,,04/12/2026,04/12/2026,3,NoStat,NoStat
Kodai Senga(P),"NYM
vs.
OAK",FanDuel,,,,,,,,04/12/2026,04/12/2026,3,NoStat,NoStat
Kodai Senga(P),"NYM
vs.
OAK",FanDuel,,,,,,,,04/12/2026,04/12/2026,3,NoStat,NoStat
Kodai Senga(P),"NYM
vs.
OAK",FanDuel,,,,,,,,04/12/2026,04/12/2026,3,NoStat,NoStat
Kodai Senga(P),"NYM
vs.
OAK",FanDuel,,,,,,,,04/12/2026,04/12/2026,3,NoStat,NoStat
Kodai Senga(P),"NYM
vs.
OAK",FanDuel,,,,,,,,04/12/2026,04/12/2026,3,NoStat,NoStat
Kodai Senga(P),"NYM
vs.
OAK",FanDuel,,,,,,,,04/12/2026,04/12/2026,3,NoStat,NoStat
Kodai Senga(P),"NYM
vs.
OAK",FanDuel,,,,,,,,04/12/2026,04/12/2026,3,NoStat,NoStat
Kodai Senga(P),"NYM
vs.
OAK",FanDuel,,,,,,,,04/12/2026,04/12/2026,3,NoStat,NoStat
Kodai Senga(P),"NYM
vs.
OAK",FanDuel,,,,,,,,04/12/2026,04/12/2026,3,NoStat,NoStat
Kodai Senga(P),"NYM
vs.
OAK",FanDuel,,,,,,,,04/12/2026,04/12/2026,3,NoStat,NoStat
Kodai Senga(P),"NYM
vs.
OAK",FanDuel,,,,,,,,04/12/2026,04/12/2026,3,NoStat,NoStat
Kodai Senga(P),"NYM
vs.
OAK",FanDuel,,,,,,,,04/12/2026,04/12/2026,3,NoStat,NoStat
Kodai Senga(P),"NYM
vs.
OAK",FanDuel,,,,,,,,04/12/2026,04/12/2026,3,NoStat,NoStat
Kodai Senga(P),"NYM
vs.
OAK",FanDuel,,,,,,,,04/12/2026,04/12/2026,3,NoStat,NoStat
Kodai Senga(P),"NYM
vs.
OAK",FanDuel,,,,,,,,04/12/2026,04/12/2026,3,NoStat,NoStat
Kodai Senga(P),"NYM
vs.
OAK",FanDuel,,,,,,,,04/12/2026,04/12/2026,3,NoStat,NoStat
Kodai Senga(P),"NYM
vs.
OAK",FanDuel,,,,,,,,04/12/2026,04/12/2026,3,NoStat,NoStat
Kodai Senga(P),"NYM
vs.
OAK",FanDuel,,,,,,,,04/12/2026,04/12/2026,3,NoStat,NoStat
Chris Bassitt(P),"BAL
vs.
SF",Caesars,,,,,,,,04/12/2026,04/12/2026,2,NoStat,NoStat
Chris Bassitt(P),"BAL
vs.
SF",Caesars,,,,,,,,04/12/2026,04/12/2026,2,NoStat,NoStat
Chris Bassitt(P),"BAL
vs.
SF",Caesars,,,,,,,,04/12/2026,04/12/2026,2,NoStat,NoStat
Chris Bassitt(P),"BAL
vs.
SF",BetMGM,,,,,,,,04/12/2026,04/12/2026,2,NoStat,NoStat
Chris Bassitt(P),"BAL
vs.
SF",BetMGM,,,,,,,,04/12/2026,04/12/2026,2,NoStat,NoStat
Chris Bassitt(P),"BAL
vs.
SF",BetMGM,,,,,,,,04/12/2026,04/12/2026,2,NoStat,NoStat
Logan Webb(P),"SF
@
BAL",Caesars,,,,,,,,04/12/2026,04/12/2026,6,NoStat,NoStat
Logan Webb(P),"SF
@
BAL",Caesars,,,,,,,,04/12/2026,04/12/2026,6,NoStat,NoStat
Logan Webb(P),"SF
@
BAL",Caesars,,,,,,,,04/12/2026,04/12/2026,6,NoStat,NoStat
Logan Webb(P),"SF
@
BAL",BetMGM,,,,,,,,04/12/2026,04/12/2026,6,NoStat,NoStat
Logan Webb(P),"SF
@
BAL",BetMGM,,,,,,,,04/12/2026,04/12/2026,6,NoStat,NoStat
Logan Webb(P),"SF
@
BAL",BetMGM,,,,,,,,04/12/2026,04/12/2026,6,NoStat,NoStat
Ranger Suarez(P),"BOS
@
STL",Caesars,,,,,,,,04/12/2026,04/12/2026,6,NoStat,NoStat
Ranger Suarez(P),"BOS
@
STL",BetMGM,,,,,,,,04/12/2026,04/12/2026,6,NoStat,NoStat
Ryan Feltner(P),"COL
@
SD",DraftKings,,+100,o3.5,,-130,u3.5,12:46 AM,04/12/2026,04/12/2026,4,Win,Loss
Ryan Feltner(P),"COL
@
SD",DraftKings,,+100,o3.5,,-130,u3.5,12:40 AM,04/12/2026,04/12/2026,4,Win,Loss
Ryan Feltner(P),"COL
@
SD",DraftKings,,-102,o3.5,,-125,u3.5,12:23 AM,04/12/2026,04/12/2026,4,Win,Loss
Ryan Feltner(P),"COL
@
SD",Sharp Book,,+110,o3.5,,-146,u3.5,12:40 AM,04/12/2026,04/12/2026,4,Win,Loss
Ryan Feltner(P),"COL
@
SD",Sharp Book,,+110,o3.5,,-146,u3.5,12:38 AM,04/12/2026,04/12/2026,4,Win,Loss
Ryan Feltner(P),"COL
@
SD",Sharp Book,,+111,o3.5,,-147,u3.5,12:00 AM,04/12/2026,04/12/2026,4,Win,Loss
Ryan Feltner(P),"COL
@
SD",Caesars,,+110,o3.5,,-146,u3.5,12:40 AM,04/12/2026,04/12/2026,4,Win,Loss
Ryan Feltner(P),"COL
@
SD",Caesars,,+110,o3.5,,-146,u3.5,12:38 AM,04/12/2026,04/12/2026,4,Win,Loss
Ryan Feltner(P),"COL
@
SD",Caesars,,+111,o3.5,,-147,u3.5,12:00 AM,04/12/2026,04/12/2026,4,Win,Loss
Ryan Feltner(P),"COL
@
SD",BetMGM,,+110,o3.5,,-146,u3.5,12:40 AM,04/12/2026,04/12/2026,4,Win,Loss
Ryan Feltner(P),"COL
@
SD",BetMGM,,+110,o3.5,,-146,u3.5,12:38 AM,04/12/2026,04/12/2026,4,Win,Loss
Ryan Feltner(P),"COL
@
SD",BetMGM,,+111,o3.5,,-147,u3.5,12:00 AM,04/12/2026,04/12/2026,4,Win,Loss
Ryan Feltner(P),"COL
@
SD",ESPN Bet,,-300,o2.5,,+200,u2.5,12:43 AM,04/12/2026,04/12/2026,4,Win,Loss
Ryan Feltner(P),"COL
@
SD",Bovada,,+110,o3.5,,-143,u3.5,12:31 AM,04/12/2026,04/12/2026,4,Win,Loss
Ryan Feltner(P),"COL
@
SD",BetRivers,,-103,o3.5,,-129,u3.5,12:40 AM,04/12/2026,04/12/2026,4,Win,Loss
Ryan Feltner(P),"COL
@
SD",BetRivers,,-250,o2.5,,+180,u2.5,12:40 AM,04/12/2026,04/12/2026,4,Win,Loss
Ryan Feltner(P),"COL
@
SD",BetRivers,,-103,o3.5,,-129,u3.5,12:28 AM,04/12/2026,04/12/2026,4,Win,Loss
Ryan Feltner(P),"COL
@
SD",Fanatics,,+100,o3.5,,-130,u3.5,12:54 AM,04/12/2026,04/12/2026,4,Win,Loss
Ryan Feltner(P),"COL
@
SD",Fanatics,,+100,o3.5,,-130,u3.5,12:37 AM,04/12/2026,04/12/2026,4,Win,Loss
Ryan Feltner(P),"COL
@
SD",Fanatics,,+105,o3.5,,-140,u3.5,12:33 AM,04/12/2026,04/12/2026,4,Win,Loss
Ryan Feltner(P),"COL
@
SD",Fanatics,,+100,o3.5,,-130,u3.5,12:26 AM,04/12/2026,04/12/2026,4,Win,Loss
Germán Márquez(P),"SD
vs.
COL",FanDuel,,+114,o4.5,,-148,u4.5,12:04 AM,04/12/2026,04/12/2026,5,Win,Loss
Germán Márquez(P),"SD
vs.
COL",DraftKings,,+110,o4.5,,-142,u4.5,12:46 AM,04/12/2026,04/12/2026,5,Win,Loss
Germán Márquez(P),"SD
vs.
COL",DraftKings,,+110,o4.5,,-142,u4.5,12:40 AM,04/12/2026,04/12/2026,5,Win,Loss
Germán Márquez(P),"SD
vs.
COL",Sharp Book,,+109,o4.5,,-145,u4.5,12:40 AM,04/12/2026,04/12/2026,5,Win,Loss
Germán Márquez(P),"SD
vs.
COL",Sharp Book,,+109,o4.5,,-145,u4.5,12:35 AM,04/12/2026,04/12/2026,5,Win,Loss
Germán Márquez(P),"SD
vs.
COL",Sharp Book,,+109,o4.5,,-144,u4.5,12:29 AM,04/12/2026,04/12/2026,5,Win,Loss
Germán Márquez(P),"SD
vs.
COL",Sharp Book,,+106,o4.5,,-141,u4.5,12:25 AM,04/12/2026,04/12/2026,5,Win,Loss
Germán Márquez(P),"SD
vs.
COL",Caesars,,+109,o4.5,,-145,u4.5,12:40 AM,04/12/2026,04/12/2026,5,Win,Loss
Germán Márquez(P),"SD
vs.
COL",Caesars,,+109,o4.5,,-145,u4.5,12:35 AM,04/12/2026,04/12/2026,5,Win,Loss
Germán Márquez(P),"SD
vs.
COL",Caesars,,+109,o4.5,,-144,u4.5,12:29 AM,04/12/2026,04/12/2026,5,Win,Loss
Germán Márquez(P),"SD
vs.
COL",Caesars,,+106,o4.5,,-141,u4.5,12:25 AM,04/12/2026,04/12/2026,5,Win,Loss
Germán Márquez(P),"SD
vs.
COL",Caesars,,,,,,,,04/12/2026,04/12/2026,5,NoStat,NoStat
Germán Márquez(P),"SD
vs.
COL",BetMGM,,+109,o4.5,,-145,u4.5,12:40 AM,04/12/2026,04/12/2026,5,Win,Loss
Germán Márquez(P),"SD
vs.
COL",BetMGM,,+109,o4.5,,-145,u4.5,12:35 AM,04/12/2026,04/12/2026,5,Win,Loss
Germán Márquez(P),"SD
vs.
COL",BetMGM,,+109,o4.5,,-144,u4.5,12:29 AM,04/12/2026,04/12/2026,5,Win,Loss
Germán Márquez(P),"SD
vs.
COL",BetMGM,,+106,o4.5,,-141,u4.5,12:25 AM,04/12/2026,04/12/2026,5,Win,Loss
Germán Márquez(P),"SD
vs.
COL",BetMGM,,,,,,,,04/12/2026,04/12/2026,5,NoStat,NoStat
Germán Márquez(P),"SD
vs.
COL",ESPN Bet,,-250,o3.5,,+175,u3.5,12:43 AM,04/12/2026,04/12/2026,5,Win,Loss
Germán Márquez(P),"SD
vs.
COL",Bookmaker,,+109,o4.5,,-136,u4.5,12:23 AM,04/12/2026,04/12/2026,5,Win,Loss
Germán Márquez(P),"SD
vs.
COL",Bookmaker,,+113,o4.5,,-141,u4.5,12:23 AM,04/12/2026,04/12/2026,5,Win,Loss
Germán Márquez(P),"SD
vs.
COL",BetRivers,,+118,o4.5,,-157,u4.5,12:42 AM,04/12/2026,04/12/2026,5,Win,Loss
Germán Márquez(P),"SD
vs.
COL",BetRivers,,+117,o4.5,,-157,u4.5,12:28 AM,04/12/2026,04/12/2026,5,Win,Loss
Germán Márquez(P),"SD
vs.
COL",Fanatics,,+115,o4.5,,-150,u4.5,12:54 AM,04/12/2026,04/12/2026,5,Win,Loss
Germán Márquez(P),"SD
vs.
COL",Fanatics,,+115,o4.5,,-150,u4.5,12:42 AM,04/12/2026,04/12/2026,5,Win,Loss
Germán Márquez(P),"SD
vs.
COL",Fanatics,,+125,o4.5,,-165,u4.5,12:37 AM,04/12/2026,04/12/2026,5,Win,Loss
Germán Márquez(P),"SD
vs.
COL",Fanatics,,+120,o4.5,,-160,u4.5,12:33 AM,04/12/2026,04/12/2026,5,Win,Loss
Jack Leiter(P),"TEX
@
LAD",FanDuel,,,,,,,,04/12/2026,04/12/2026,4,NoStat,NoStat
Jack Leiter(P),"TEX
@
LAD",FanDuel,,,,,,,,04/12/2026,04/12/2026,4,NoStat,NoStat
Jack Leiter(P),"TEX
@
LAD",FanDuel,,,,,,,,04/12/2026,04/12/2026,4,NoStat,NoStat
Jack Leiter(P),"TEX
@
LAD",FanDuel,,,,,,,,04/12/2026,04/12/2026,4,NoStat,NoStat
Jack Leiter(P),"TEX
@
LAD",FanDuel,,,,,,,,04/12/2026,04/12/2026,4,NoStat,NoStat
Jack Leiter(P),"TEX
@
LAD",FanDuel,,,,,,,,04/12/2026,04/12/2026,4,NoStat,NoStat
Jack Leiter(P),"TEX
@
LAD",FanDuel,,,,,,,,04/12/2026,04/12/2026,4,NoStat,NoStat
Jack Leiter(P),"TEX
@
LAD",FanDuel,,,,,,,,04/12/2026,04/12/2026,4,NoStat,NoStat
Jack Leiter(P),"TEX
@
LAD",FanDuel,,,,,,,,04/12/2026,04/12/2026,4,NoStat,NoStat
Jack Leiter(P),"TEX
@
LAD",FanDuel,,,,,,,,04/12/2026,04/12/2026,4,NoStat,NoStat
Jack Leiter(P),"TEX
@
LAD",FanDuel,,,,,,,,04/12/2026,04/12/2026,4,NoStat,NoStat
Jack Leiter(P),"TEX
@
LAD",FanDuel,,,,,,,,04/12/2026,04/12/2026,4,NoStat,NoStat
Jack Leiter(P),"TEX
@
LAD",FanDuel,,,,,,,,04/12/2026,04/12/2026,4,NoStat,NoStat
Jack Leiter(P),"TEX
@
LAD",FanDuel,,,,,,,,04/12/2026,04/12/2026,4,NoStat,NoStat
Jack Leiter(P),"TEX
@
LAD",FanDuel,,,,,,,,04/12/2026,04/12/2026,4,NoStat,NoStat
Jack Leiter(P),"TEX
@
LAD",FanDuel,,,,,,,,04/12/2026,04/12/2026,4,NoStat,NoStat
Jack Leiter(P),"TEX
@
LAD",FanDuel,,,,,,,,04/12/2026,04/12/2026,4,NoStat,NoStat
Jack Leiter(P),"TEX
@
LAD",FanDuel,,,,,,,,04/12/2026,04/12/2026,4,NoStat,NoStat
Jack Leiter(P),"TEX
@
LAD",FanDuel,,,,,,,,04/12/2026,04/12/2026,4,NoStat,NoStat
Jack Leiter(P),"TEX
@
LAD",FanDuel,,,,,,,,04/12/2026,04/12/2026,4,NoStat,NoStat
Jack Leiter(P),"TEX
@
LAD",FanDuel,,,,,,,,04/12/2026,04/12/2026,4,NoStat,NoStat
Jack Leiter(P),"TEX
@
LAD",FanDuel,,,,,,,,04/12/2026,04/12/2026,4,NoStat,NoStat
Jack Leiter(P),"TEX
@
LAD",FanDuel,,,,,,,,04/12/2026,04/12/2026,4,NoStat,NoStat
Jack Leiter(P),"TEX
@
LAD",FanDuel,,,,,,,,04/12/2026,04/12/2026,4,NoStat,NoStat
Jack Leiter(P),"TEX
@
LAD",FanDuel,,,,,,,,04/12/2026,04/12/2026,4,NoStat,NoStat
Jack Leiter(P),"TEX
@
LAD",FanDuel,,,,,,,,04/12/2026,04/12/2026,4,NoStat,NoStat
Jack Leiter(P),"TEX
@
LAD",FanDuel,,,,,,,,04/12/2026,04/12/2026,4,NoStat,NoStat
Jack Leiter(P),"TEX
@
LAD",FanDuel,,,,,,,,04/12/2026,04/12/2026,4,NoStat,NoStat
Jack Leiter(P),"TEX
@
LAD",FanDuel,,,,,,,,04/12/2026,04/12/2026,4,NoStat,NoStat
Jack Leiter(P),"TEX
@
LAD",FanDuel,,,,,,,,04/12/2026,04/12/2026,4,NoStat,NoStat
Jack Leiter(P),"TEX
@
LAD",FanDuel,,,,,,,,04/12/2026,04/12/2026,4,NoStat,NoStat
Jack Leiter(P),"TEX
@
LAD",FanDuel,,,,,,,,04/12/2026,04/12/2026,4,NoStat,NoStat
Jack Leiter(P),"TEX
@
LAD",FanDuel,,,,,,,,04/12/2026,04/12/2026,4,NoStat,NoStat
Jack Leiter(P),"TEX
@
LAD",FanDuel,,,,,,,,04/12/2026,04/12/2026,4,NoStat,NoStat
Jack Leiter(P),"TEX
@
LAD",DraftKings,,-103,o5.5,,-124,u5.5,01:23 AM,04/12/2026,04/12/2026,4,Loss,Win
Jack Leiter(P),"TEX
@
LAD",Sharp Book,,-105,o5.5,,-125,u5.5,01:10 AM,04/12/2026,04/12/2026,4,Loss,Win
Jack Leiter(P),"TEX
@
LAD",Sharp Book,,-105,o5.5,,-125,u5.5,01:09 AM,04/12/2026,04/12/2026,4,Loss,Win
Jack Leiter(P),"TEX
@
LAD",Sharp Book,,-110,o5.5,,-120,u5.5,01:08 AM,04/12/2026,04/12/2026,4,Loss,Win
Jack Leiter(P),"TEX
@
LAD",Sharp Book,,-110,o5.5,,-121,u5.5,12:35 AM,04/12/2026,04/12/2026,4,Loss,Win
Jack Leiter(P),"TEX
@
LAD",Caesars,,-105,o5.5,,-125,u5.5,01:10 AM,04/12/2026,04/12/2026,4,Loss,Win
Jack Leiter(P),"TEX
@
LAD",Caesars,,-105,o5.5,,-125,u5.5,01:09 AM,04/12/2026,04/12/2026,4,Loss,Win
Jack Leiter(P),"TEX
@
LAD",Caesars,,-110,o5.5,,-120,u5.5,01:08 AM,04/12/2026,04/12/2026,4,Loss,Win
Jack Leiter(P),"TEX
@
LAD",Caesars,,-110,o5.5,,-121,u5.5,12:35 AM,04/12/2026,04/12/2026,4,Loss,Win
Jack Leiter(P),"TEX
@
LAD",Caesars,,,,,,,,04/12/2026,04/12/2026,4,NoStat,NoStat
Jack Leiter(P),"TEX
@
LAD",Caesars,,,,,,,,04/12/2026,04/12/2026,4,NoStat,NoStat
Jack Leiter(P),"TEX
@
LAD",Caesars,,,,,,,,04/12/2026,04/12/2026,4,NoStat,NoStat
Jack Leiter(P),"TEX
@
LAD",BetMGM,,-105,o5.5,,-125,u5.5,01:10 AM,04/12/2026,04/12/2026,4,Loss,Win
Jack Leiter(P),"TEX
@
LAD",BetMGM,,-105,o5.5,,-125,u5.5,01:09 AM,04/12/2026,04/12/2026,4,Loss,Win
Jack Leiter(P),"TEX
@
LAD",BetMGM,,-110,o5.5,,-120,u5.5,01:08 AM,04/12/2026,04/12/2026,4,Loss,Win
Jack Leiter(P),"TEX
@
LAD",BetMGM,,-110,o5.5,,-121,u5.5,12:35 AM,04/12/2026,04/12/2026,4,Loss,Win
Jack Leiter(P),"TEX
@
LAD",BetMGM,,,,,,,,04/12/2026,04/12/2026,4,NoStat,NoStat
Jack Leiter(P),"TEX
@
LAD",BetMGM,,,,,,,,04/12/2026,04/12/2026,4,NoStat,NoStat
Jack Leiter(P),"TEX
@
LAD",BetMGM,,,,,,,,04/12/2026,04/12/2026,4,NoStat,NoStat
Jack Leiter(P),"TEX
@
LAD",Bookmaker,,-111,o5.5,,-117,u5.5,01:09 AM,04/12/2026,04/12/2026,4,Loss,Win
Jack Leiter(P),"TEX
@
LAD",Bookmaker,,-110,o5.5,,-118,u5.5,01:04 AM,04/12/2026,04/12/2026,4,Loss,Win
Jack Leiter(P),"TEX
@
LAD",Bookmaker,,-110,o5.5,,-119,u5.5,12:28 AM,04/12/2026,04/12/2026,4,Loss,Win
Jack Leiter(P),"TEX
@
LAD",Bookmaker,,-108,o5.5,,-121,u5.5,12:11 AM,04/12/2026,04/12/2026,4,Loss,Win
Jack Leiter(P),"TEX
@
LAD",Bovada,,-106,o5.5,,-122,u5.5,12:58 AM,04/12/2026,04/12/2026,4,Loss,Win
Jack Leiter(P),"TEX
@
LAD",Bovada,,-105,o5.5,,-123,u5.5,12:55 AM,04/12/2026,04/12/2026,4,Loss,Win
Jack Leiter(P),"TEX
@
LAD",Bovada,,-106,o5.5,,-123,u5.5,12:55 AM,04/12/2026,04/12/2026,4,Loss,Win
Jack Leiter(P),"TEX
@
LAD",Bovada,,-106,o5.5,,-122,u5.5,12:46 AM,04/12/2026,04/12/2026,4,Loss,Win
Jack Leiter(P),"TEX
@
LAD",Bovada,,-105,o5.5,,-123,u5.5,12:37 AM,04/12/2026,04/12/2026,4,Loss,Win
Jack Leiter(P),"TEX
@
LAD",Bovada,,-103,o5.5,,-125,u5.5,12:28 AM,04/12/2026,04/12/2026,4,Loss,Win
Jack Leiter(P),"TEX
@
LAD",Bovada,,-105,o5.5,,-123,u5.5,12:25 AM,04/12/2026,04/12/2026,4,Loss,Win
Jack Leiter(P),"TEX
@
LAD",Bovada,,-103,o5.5,,-125,u5.5,12:10 AM,04/12/2026,04/12/2026,4,Loss,Win
Jack Leiter(P),"TEX
@
LAD",BetRivers,,+100,o5.5,,-134,u5.5,01:06 AM,04/12/2026,04/12/2026,4,Loss,Win
Jack Leiter(P),"TEX
@
LAD",BetRivers,,+104,o5.5,,-137,u5.5,12:46 AM,04/12/2026,04/12/2026,4,Loss,Win
Jack Leiter(P),"TEX
@
LAD",BetRivers,,+102,o5.5,,-136,u5.5,12:33 AM,04/12/2026,04/12/2026,4,Loss,Win
Jack Leiter(P),"TEX
@
LAD",BetRivers,,+102,o5.5,,-134,u5.5,12:31 AM,04/12/2026,04/12/2026,4,Loss,Win
Jack Leiter(P),"TEX
@
LAD",BetRivers,,+100,o5.5,,-134,u5.5,12:01 AM,04/12/2026,04/12/2026,4,Loss,Win
Jack Leiter(P),"TEX
@
LAD",Fanatics,,-110,o5.5,,-120,u5.5,01:20 AM,04/12/2026,04/12/2026,4,Loss,Win
Jack Leiter(P),"TEX
@
LAD",Fanatics,,-110,o5.5,,-120,u5.5,01:04 AM,04/12/2026,04/12/2026,4,Loss,Win
Jack Leiter(P),"TEX
@
LAD",Fanatics,,-105,o5.5,,-125,u5.5,12:43 AM,04/12/2026,04/12/2026,4,Loss,Win
Jack Leiter(P),"TEX
@
LAD",Fanatics,,+100,o5.5,,-130,u5.5,12:09 AM,04/12/2026,04/12/2026,4,Loss,Win
Emmet Sheehan(P),"LAD
vs.
TEX",FanDuel,,-158,o5.5,,+118,u5.5,12:54 AM,04/12/2026,04/12/2026,6,Win,Loss
Emmet Sheehan(P),"LAD
vs.
TEX",FanDuel,,-154,o5.5,,+116,u5.5,12:51 AM,04/12/2026,04/12/2026,6,Win,Loss
Emmet Sheehan(P),"LAD
vs.
TEX",FanDuel,,-158,o5.5,,+118,u5.5,12:32 AM,04/12/2026,04/12/2026,6,Win,Loss
Emmet Sheehan(P),"LAD
vs.
TEX",DraftKings,,+126,o6.5,,-161,u6.5,01:23 AM,04/12/2026,04/12/2026,6,Loss,Win
Emmet Sheehan(P),"LAD
vs.
TEX",DraftKings,,+126,o6.5,,-161,u6.5,12:48 AM,04/12/2026,04/12/2026,6,Loss,Win
Emmet Sheehan(P),"LAD
vs.
TEX",Sharp Book,,-149,o5.5,,+112,u5.5,01:10 AM,04/12/2026,04/12/2026,6,Win,Loss
Emmet Sheehan(P),"LAD
vs.
TEX",Caesars,,-149,o5.5,,+112,u5.5,01:10 AM,04/12/2026,04/12/2026,6,Win,Loss
Emmet Sheehan(P),"LAD
vs.
TEX",BetMGM,,-149,o5.5,,+112,u5.5,01:10 AM,04/12/2026,04/12/2026,6,Win,Loss
Emmet Sheehan(P),"LAD
vs.
TEX",Bookmaker,,-149,o5.5,,+119,u5.5,01:06 AM,04/12/2026,04/12/2026,6,Win,Loss
Emmet Sheehan(P),"LAD
vs.
TEX",Bookmaker,,-149,o5.5,,+120,u5.5,12:28 AM,04/12/2026,04/12/2026,6,Win,Loss
Emmet Sheehan(P),"LAD
vs.
TEX",Bovada,,-167,o5.5,,+128,u5.5,12:31 AM,04/12/2026,04/12/2026,6,Win,Loss
Emmet Sheehan(P),"LAD
vs.
TEX",Bovada,,-147,o5.5,,+114,u5.5,12:28 AM,04/12/2026,04/12/2026,6,Win,Loss
Emmet Sheehan(P),"LAD
vs.
TEX",Bovada,,-152,o5.5,,+117,u5.5,12:25 AM,04/12/2026,04/12/2026,6,Win,Loss
Emmet Sheehan(P),"LAD
vs.
TEX",Bovada,,-154,o5.5,,+118,u5.5,12:19 AM,04/12/2026,04/12/2026,6,Win,Loss
Emmet Sheehan(P),"LAD
vs.
TEX",Bovada,,-149,o5.5,,+115,u5.5,12:10 AM,04/12/2026,04/12/2026,6,Win,Loss
Emmet Sheehan(P),"LAD
vs.
TEX",Bovada,,-152,o5.5,,+117,u5.5,12:04 AM,04/12/2026,04/12/2026,6,Win,Loss
Emmet Sheehan(P),"LAD
vs.
TEX",BetRivers,,+108,o6.5,,-143,u6.5,12:46 AM,04/12/2026,04/12/2026,6,Loss,Win
Emmet Sheehan(P),"LAD
vs.
TEX",BetRivers,,+107,o6.5,,-143,u6.5,12:33 AM,04/12/2026,04/12/2026,6,Loss,Win
Emmet Sheehan(P),"LAD
vs.
TEX",BetRivers,,+108,o6.5,,-143,u6.5,12:01 AM,04/12/2026,04/12/2026,6,Loss,Win
Emmet Sheehan(P),"LAD
vs.
TEX",Fanatics,,-160,o5.5,,+120,u5.5,01:20 AM,04/12/2026,04/12/2026,6,Win,Loss
Emmet Sheehan(P),"LAD
vs.
TEX",Fanatics,,-160,o5.5,,+120,u5.5,01:10 AM,04/12/2026,04/12/2026,6,Win,Loss
Emmet Sheehan(P),"LAD
vs.
TEX",Fanatics,,-165,o5.5,,+125,u5.5,01:04 AM,04/12/2026,04/12/2026,6,Win,Loss
Emmet Sheehan(P),"LAD
vs.
TEX",Fanatics,,-160,o5.5,,+120,u5.5,01:01 AM,04/12/2026,04/12/2026,6,Win,Loss
Emmet Sheehan(P),"LAD
vs.
TEX",Fanatics,,-165,o5.5,,+125,u5.5,12:58 AM,04/12/2026,04/12/2026,6,Win,Loss
Emmet Sheehan(P),"LAD
vs.
TEX",Fanatics,,-160,o5.5,,+120,u5.5,12:54 AM,04/12/2026,04/12/2026,6,Win,Loss
Emmet Sheehan(P),"LAD
vs.
TEX",Fanatics,,-150,o5.5,,+115,u5.5,12:43 AM,04/12/2026,04/12/2026,6,Win,Loss
Emmet Sheehan(P),"LAD
vs.
TEX",Fanatics,,-160,o5.5,,+120,u5.5,12:36 AM,04/12/2026,04/12/2026,6,Win,Loss
Emmet Sheehan(P),"LAD
vs.
TEX",Fanatics,,-150,o5.5,,+115,u5.5,12:33 AM,04/12/2026,04/12/2026,6,Win,Loss
Emmet Sheehan(P),"LAD
vs.
TEX",Fanatics,,-140,o5.5,,+105,u5.5,12:26 AM,04/12/2026,04/12/2026,6,Win,Loss
Emmet Sheehan(P),"LAD
vs.
TEX",Fanatics,,-160,o5.5,,+120,u5.5,12:21 AM,04/12/2026,04/12/2026,6,Win,Loss
Emmet Sheehan(P),"LAD
vs.
TEX",Fanatics,,-145,o5.5,,+110,u5.5,12:09 AM,04/12/2026,04/12/2026,6,Win,Loss
Emmet Sheehan(P),"LAD
vs.
TEX",Fanatics,,-150,o5.5,,+115,u5.5,12:02 AM,04/12/2026,04/12/2026,6,Win,Loss
Lance McCullers(P),"HOU
@
SEA",FanDuel,,,,,,,,04/12/2026,04/12/2026,,NoStat,NoStat
Lance McCullers(P),"HOU
@
SEA",FanDuel,,,,,,,,04/12/2026,04/12/2026,,NoStat,NoStat
Lance McCullers(P),"HOU
@
SEA",FanDuel,,,,,,,,04/12/2026,04/12/2026,,NoStat,NoStat
Lance McCullers(P),"HOU
@
SEA",FanDuel,,,,,,,,04/12/2026,04/12/2026,,NoStat,NoStat
Lance McCullers(P),"HOU
@
SEA",FanDuel,,,,,,,,04/12/2026,04/12/2026,,NoStat,NoStat
Lance McCullers(P),"HOU
@
SEA",FanDuel,,,,,,,,04/12/2026,04/12/2026,,NoStat,NoStat
Lance McCullers(P),"HOU
@
SEA",FanDuel,,,,,,,,04/12/2026,04/12/2026,,NoStat,NoStat
Lance McCullers(P),"HOU
@
SEA",FanDuel,,,,,,,,04/12/2026,04/12/2026,,NoStat,NoStat
Lance McCullers(P),"HOU
@
SEA",FanDuel,,,,,,,,04/12/2026,04/12/2026,,NoStat,NoStat
Lance McCullers(P),"HOU
@
SEA",FanDuel,,,,,,,,04/12/2026,04/12/2026,,NoStat,NoStat
Lance McCullers(P),"HOU
@
SEA",FanDuel,,,,,,,,04/12/2026,04/12/2026,,NoStat,NoStat
Lance McCullers(P),"HOU
@
SEA",FanDuel,,,,,,,,04/12/2026,04/12/2026,,NoStat,NoStat
Lance McCullers(P),"HOU
@
SEA",FanDuel,,,,,,,,04/12/2026,04/12/2026,,NoStat,NoStat
Lance McCullers(P),"HOU
@
SEA",FanDuel,,,,,,,,04/12/2026,04/12/2026,,NoStat,NoStat
Lance McCullers(P),"HOU
@
SEA",FanDuel,,,,,,,,04/12/2026,04/12/2026,,NoStat,NoStat
Lance McCullers(P),"HOU
@
SEA",FanDuel,,,,,,,,04/12/2026,04/12/2026,,NoStat,NoStat
Lance McCullers(P),"HOU
@
SEA",FanDuel,,,,,,,,04/12/2026,04/12/2026,,NoStat,NoStat
Lance McCullers(P),"HOU
@
SEA",FanDuel,,,,,,,,04/12/2026,04/12/2026,,NoStat,NoStat
Lance McCullers(P),"HOU
@
SEA",FanDuel,,,,,,,,04/12/2026,04/12/2026,,NoStat,NoStat
Lance McCullers(P),"HOU
@
SEA",FanDuel,,,,,,,,04/12/2026,04/12/2026,,NoStat,NoStat
Lance McCullers(P),"HOU
@
SEA",FanDuel,,,,,,,,04/12/2026,04/12/2026,,NoStat,NoStat
Lance McCullers(P),"HOU
@
SEA",FanDuel,,,,,,,,04/12/2026,04/12/2026,,NoStat,NoStat
Lance McCullers(P),"HOU
@
SEA",FanDuel,,,,,,,,04/12/2026,04/12/2026,,NoStat,NoStat
Lance McCullers(P),"HOU
@
SEA",FanDuel,,,,,,,,04/12/2026,04/12/2026,,NoStat,NoStat
Lance McCullers(P),"HOU
@
SEA",FanDuel,,,,,,,,04/12/2026,04/12/2026,,NoStat,NoStat
Lance McCullers(P),"HOU
@
SEA",FanDuel,,,,,,,,04/12/2026,04/12/2026,,NoStat,NoStat
Lance McCullers(P),"HOU
@
SEA",FanDuel,,,,,,,,04/12/2026,04/12/2026,,NoStat,NoStat
Lance McCullers(P),"HOU
@
SEA",FanDuel,,,,,,,,04/12/2026,04/12/2026,,NoStat,NoStat
Lance McCullers(P),"HOU
@
SEA",FanDuel,,,,,,,,04/12/2026,04/12/2026,,NoStat,NoStat
Lance McCullers(P),"HOU
@
SEA",FanDuel,,,,,,,,04/12/2026,04/12/2026,,NoStat,NoStat
Lance McCullers(P),"HOU
@
SEA",FanDuel,,,,,,,,04/12/2026,04/12/2026,,NoStat,NoStat
Lance McCullers(P),"HOU
@
SEA",FanDuel,,,,,,,,04/12/2026,04/12/2026,,NoStat,NoStat
Lance McCullers(P),"HOU
@
SEA",FanDuel,,,,,,,,04/12/2026,04/12/2026,,NoStat,NoStat
Lance McCullers(P),"HOU
@
SEA",FanDuel,,,,,,,,04/12/2026,04/12/2026,,NoStat,NoStat
Lance McCullers(P),"HOU
@
SEA",DraftKings,,-125,o5.5,,-105,u5.5,02:40 AM,04/12/2026,04/12/2026,,NoStat,NoStat
Lance McCullers(P),"HOU
@
SEA",DraftKings,,-125,o5.5,,-105,u5.5,01:40 AM,04/12/2026,04/12/2026,,NoStat,NoStat
Lance McCullers(P),"HOU
@
SEA",DraftKings,,+103,o5.5,,-131,u5.5,01:12 AM,04/12/2026,04/12/2026,,NoStat,NoStat
Lance McCullers(P),"HOU
@
SEA",DraftKings,,+106,o5.5,,-136,u5.5,12:59 AM,04/12/2026,04/12/2026,,NoStat,NoStat
Lance McCullers(P),"HOU
@
SEA",DraftKings,,+102,o5.5,,-130,u5.5,12:36 AM,04/12/2026,04/12/2026,,NoStat,NoStat
Lance McCullers(P),"HOU
@
SEA",DraftKings,,+118,o5.5,,-151,u5.5,12:17 AM,04/12/2026,04/12/2026,,NoStat,NoStat
Lance McCullers(P),"HOU
@
SEA",DraftKings,,+113,o5.5,,-145,u5.5,12:15 AM,04/12/2026,04/12/2026,,NoStat,NoStat
Lance McCullers(P),"HOU
@
SEA",Sharp Book,,+113,o5.5,,-150,u5.5,01:40 AM,04/12/2026,04/12/2026,,NoStat,NoStat
Lance McCullers(P),"HOU
@
SEA",Caesars,,+113,o5.5,,-150,u5.5,01:40 AM,04/12/2026,04/12/2026,,NoStat,NoStat
Lance McCullers(P),"HOU
@
SEA",BetMGM,,+113,o5.5,,-150,u5.5,01:40 AM,04/12/2026,04/12/2026,,NoStat,NoStat
Lance McCullers(P),"HOU
@
SEA",ESPN Bet,,-110,o5.5,,-125,u5.5,01:41 AM,04/12/2026,04/12/2026,,NoStat,NoStat
Lance McCullers(P),"HOU
@
SEA",ESPN Bet,,+100,o5.5,,-135,u5.5,12:50 AM,04/12/2026,04/12/2026,,NoStat,NoStat
Lance McCullers(P),"HOU
@
SEA",ESPN Bet,,+105,o5.5,,-140,u5.5,12:26 AM,04/12/2026,04/12/2026,,NoStat,NoStat
Lance McCullers(P),"HOU
@
SEA",Bookmaker,,+106,o5.5,,-135,u5.5,01:31 AM,04/12/2026,04/12/2026,,NoStat,NoStat
Lance McCullers(P),"HOU
@
SEA",Bookmaker,,+107,o5.5,,-136,u5.5,01:24 AM,04/12/2026,04/12/2026,,NoStat,NoStat
Lance McCullers(P),"HOU
@
SEA",Bookmaker,,+107,o5.5,,-137,u5.5,01:17 AM,04/12/2026,04/12/2026,,NoStat,NoStat
Lance McCullers(P),"HOU
@
SEA",Bovada,,+110,o5.5,,-143,u5.5,12:55 AM,04/12/2026,04/12/2026,,NoStat,NoStat
Lance McCullers(P),"HOU
@
SEA",Bovada,,+128,o5.5,,-167,u5.5,12:31 AM,04/12/2026,04/12/2026,,NoStat,NoStat
Lance McCullers(P),"HOU
@
SEA",BetRivers,,+106,o5.5,,-141,u5.5,12:45 AM,04/12/2026,04/12/2026,,NoStat,NoStat
Lance McCullers(P),"HOU
@
SEA",BetRivers,,+104,o5.5,,-137,u5.5,12:24 AM,04/12/2026,04/12/2026,,NoStat,NoStat
Lance McCullers(P),"HOU
@
SEA",Fanatics,,+105,o5.5,,-140,u5.5,01:45 AM,04/12/2026,04/12/2026,,NoStat,NoStat
Lance McCullers(P),"HOU
@
SEA",Fanatics,,+105,o5.5,,-140,u5.5,01:24 AM,04/12/2026,04/12/2026,,NoStat,NoStat
Lance McCullers(P),"HOU
@
SEA",Fanatics,,+100,o5.5,,-130,u5.5,01:18 AM,04/12/2026,04/12/2026,,NoStat,NoStat
Lance McCullers(P),"HOU
@
SEA",Fanatics,,+105,o5.5,,-140,u5.5,12:41 AM,04/12/2026,04/12/2026,,NoStat,NoStat
Lance McCullers(P),"HOU
@
SEA",Fanatics,,+110,o5.5,,-145,u5.5,12:33 AM,04/12/2026,04/12/2026,,NoStat,NoStat
Luis Castillo(P),"SEA
vs.
HOU",DraftKings,,-105,o5.5,,-125,u5.5,02:40 AM,04/12/2026,04/12/2026,3,Loss,Win
Luis Castillo(P),"SEA
vs.
HOU",DraftKings,,-105,o5.5,,-125,u5.5,01:40 AM,04/12/2026,04/12/2026,3,Loss,Win
Luis Castillo(P),"SEA
vs.
HOU",DraftKings,,-119,o5.5,,-107,u5.5,01:37 AM,04/12/2026,04/12/2026,3,Loss,Win
Luis Castillo(P),"SEA
vs.
HOU",DraftKings,,-108,o5.5,,-118,u5.5,01:18 AM,04/12/2026,04/12/2026,3,Loss,Win
Luis Castillo(P),"SEA
vs.
HOU",DraftKings,,-125,o5.5,,-102,u5.5,12:59 AM,04/12/2026,04/12/2026,3,Loss,Win
Luis Castillo(P),"SEA
vs.
HOU",Sharp Book,,-111,o5.5,,-119,u5.5,01:40 AM,04/12/2026,04/12/2026,3,Loss,Win
Luis Castillo(P),"SEA
vs.
HOU",Sharp Book,,-111,o5.5,,-119,u5.5,01:15 AM,04/12/2026,04/12/2026,3,Loss,Win
Luis Castillo(P),"SEA
vs.
HOU",Sharp Book,,-116,o5.5,,-114,u5.5,12:36 AM,04/12/2026,04/12/2026,3,Loss,Win
Luis Castillo(P),"SEA
vs.
HOU",Sharp Book,,-124,o5.5,,-107,u5.5,12:05 AM,04/12/2026,04/12/2026,3,Loss,Win
Luis Castillo(P),"SEA
vs.
HOU",Sharp Book,,-124,o5.5,,-106,u5.5,12:00 AM,04/12/2026,04/12/2026,3,Loss,Win
Luis Castillo(P),"SEA
vs.
HOU",Caesars,,-111,o5.5,,-119,u5.5,01:40 AM,04/12/2026,04/12/2026,3,Loss,Win
Luis Castillo(P),"SEA
vs.
HOU",Caesars,,-111,o5.5,,-119,u5.5,01:15 AM,04/12/2026,04/12/2026,3,Loss,Win
Luis Castillo(P),"SEA
vs.
HOU",Caesars,,-116,o5.5,,-114,u5.5,12:36 AM,04/12/2026,04/12/2026,3,Loss,Win
Luis Castillo(P),"SEA
vs.
HOU",Caesars,,-124,o5.5,,-107,u5.5,12:05 AM,04/12/2026,04/12/2026,3,Loss,Win
Luis Castillo(P),"SEA
vs.
HOU",Caesars,,-124,o5.5,,-106,u5.5,12:00 AM,04/12/2026,04/12/2026,3,Loss,Win
Luis Castillo(P),"SEA
vs.
HOU",BetMGM,,-111,o5.5,,-119,u5.5,01:40 AM,04/12/2026,04/12/2026,3,Loss,Win
Luis Castillo(P),"SEA
vs.
HOU",BetMGM,,-111,o5.5,,-119,u5.5,01:15 AM,04/12/2026,04/12/2026,3,Loss,Win
Luis Castillo(P),"SEA
vs.
HOU",BetMGM,,-116,o5.5,,-114,u5.5,12:36 AM,04/12/2026,04/12/2026,3,Loss,Win
Luis Castillo(P),"SEA
vs.
HOU",BetMGM,,-124,o5.5,,-107,u5.5,12:05 AM,04/12/2026,04/12/2026,3,Loss,Win
Luis Castillo(P),"SEA
vs.
HOU",BetMGM,,-124,o5.5,,-106,u5.5,12:00 AM,04/12/2026,04/12/2026,3,Loss,Win
Luis Castillo(P),"SEA
vs.
HOU",ESPN Bet,,-110,o5.5,,-125,u5.5,01:41 AM,04/12/2026,04/12/2026,3,Loss,Win
Luis Castillo(P),"SEA
vs.
HOU",Bookmaker,,-118,o5.5,,-111,u5.5,01:27 AM,04/12/2026,04/12/2026,3,Loss,Win
Luis Castillo(P),"SEA
vs.
HOU",Bookmaker,,-116,o5.5,,-113,u5.5,01:08 AM,04/12/2026,04/12/2026,3,Loss,Win
Luis Castillo(P),"SEA
vs.
HOU",Bookmaker,,-115,o5.5,,-114,u5.5,12:28 AM,04/12/2026,04/12/2026,3,Loss,Win
Luis Castillo(P),"SEA
vs.
HOU",Bovada,,-125,o5.5,,-103,u5.5,12:30 AM,04/12/2026,04/12/2026,3,Loss,Win
Luis Castillo(P),"SEA
vs.
HOU",BetRivers,,-105,o5.5,,-127,u5.5,12:24 AM,04/12/2026,04/12/2026,3,Loss,Win
Luis Castillo(P),"SEA
vs.
HOU",Fanatics,,-120,o5.5,,-110,u5.5,01:45 AM,04/12/2026,04/12/2026,3,Loss,Win
Luis Castillo(P),"SEA
vs.
HOU",Fanatics,,-120,o5.5,,-110,u5.5,01:36 AM,04/12/2026,04/12/2026,3,Loss,Win
Luis Castillo(P),"SEA
vs.
HOU",Fanatics,,-115,o5.5,,-115,u5.5,01:24 AM,04/12/2026,04/12/2026,3,Loss,Win
Luis Castillo(P),"SEA
vs.
HOU",Fanatics,,-125,o5.5,,-105,u5.5,01:18 AM,04/12/2026,04/12/2026,3,Loss,Win
Luis Castillo(P),"SEA
vs.
HOU",Fanatics,,-120,o5.5,,-110,u5.5,01:04 AM,04/12/2026,04/12/2026,3,Loss,Win
Luis Castillo(P),"SEA
vs.
HOU",Fanatics,,-125,o5.5,,-105,u5.5,12:47 AM,04/12/2026,04/12/2026,3,Loss,Win
Luis Castillo(P),"SEA
vs.
HOU",Fanatics,,-120,o5.5,,-110,u5.5,12:41 AM,04/12/2026,04/12/2026,3,Loss,Win
Luis Castillo(P),"SEA
vs.
HOU",Fanatics,,-115,o5.5,,-115,u5.5,12:36 AM,04/12/2026,04/12/2026,3,Loss,Win
Luis Castillo(P),"SEA
vs.
HOU",Fanatics,,-115,o5.5,,-115,u5.5,12:36 AM,04/12/2026,04/12/2026,3,Loss,Win
Luis Castillo(P),"SEA
vs.
HOU",Fanatics,,-130,o5.5,,+100,u5.5,12:33 AM,04/12/2026,04/12/2026,3,Loss,Win
Luis Castillo(P),"SEA
vs.
HOU",Hard Rock,,-110,o5.5,,-120,u5.5,02:22 AM,04/12/2026,04/12/2026,3,Loss,Win
Andrew Painter(P),"PHI
vs.
ARI",FanDuel,-30.69%,-128,o4.5,+19.83%,-104,u4.5,05:47 AM,04/12/2026,04/12/2026,7,Win,Loss
Andrew Painter(P),"PHI
vs.
ARI",FanDuel,-30.69%,-128,o4.5,+19.83%,-106,u4.5,05:47 AM,04/12/2026,04/12/2026,7,Win,Loss
Andrew Painter(P),"PHI
vs.
ARI",FanDuel,-30.69%,-125,o4.5,+19.83%,-106,u4.5,04:39 AM,04/12/2026,04/12/2026,7,Win,Loss
Andrew Painter(P),"PHI
vs.
ARI",FanDuel,-30.69%,-128,o4.5,+19.83%,-104,u4.5,04:17 AM,04/12/2026,04/12/2026,7,Win,Loss
Andrew Painter(P),"PHI
vs.
ARI",FanDuel,-30.69%,-125,o4.5,+19.83%,-106,u4.5,04:16 AM,04/12/2026,04/12/2026,7,Win,Loss
Andrew Painter(P),"PHI
vs.
ARI",FanDuel,-30.69%,-128,o4.5,+19.83%,-104,u4.5,04:15 AM,04/12/2026,04/12/2026,7,Win,Loss
Andrew Painter(P),"PHI
vs.
ARI",DraftKings,-31.39%,-131,o4.5,+23.40%,+102,u4.5,04:01 AM,04/12/2026,04/12/2026,7,Win,Loss
Andrew Painter(P),"PHI
vs.
ARI",DraftKings,-31.39%,-115,o4.5,+23.40%,-111,u4.5,02:58 AM,04/12/2026,04/12/2026,7,Win,Loss
Andrew Painter(P),"PHI
vs.
ARI",Sharp Book,,-131,o4.5,,+102,u4.5,04:01 AM,04/12/2026,04/12/2026,7,Win,Loss
Andrew Painter(P),"PHI
vs.
ARI",Sharp Book,,-115,o4.5,,-111,u4.5,02:58 AM,04/12/2026,04/12/2026,7,Win,Loss
Andrew Painter(P),"PHI
vs.
ARI",Caesars,,-131,o4.5,,+102,u4.5,04:01 AM,04/12/2026,04/12/2026,7,Win,Loss
Andrew Painter(P),"PHI
vs.
ARI",Caesars,,-115,o4.5,,-111,u4.5,02:58 AM,04/12/2026,04/12/2026,7,Win,Loss
Andrew Painter(P),"PHI
vs.
ARI",BetMGM,,-131,o4.5,,+102,u4.5,04:01 AM,04/12/2026,04/12/2026,7,Win,Loss
Andrew Painter(P),"PHI
vs.
ARI",BetMGM,,-115,o4.5,,-111,u4.5,02:58 AM,04/12/2026,04/12/2026,7,Win,Loss
Andrew Painter(P),"PHI
vs.
ARI",ESPN Bet,,-131,o4.5,,+102,u4.5,04:01 AM,04/12/2026,04/12/2026,7,Win,Loss
Andrew Painter(P),"PHI
vs.
ARI",ESPN Bet,,-115,o4.5,,-111,u4.5,02:58 AM,04/12/2026,04/12/2026,7,Win,Loss
Andrew Painter(P),"PHI
vs.
ARI",Bookmaker,-25.72%,-110,o4.5,+12.00%,-120,u4.5,05:20 AM,04/12/2026,04/12/2026,7,Win,Loss
Andrew Painter(P),"PHI
vs.
ARI",Bovada,-30.69%,-128,o4.5,+21.57%,-101,u4.5,05:49 AM,04/12/2026,04/12/2026,7,Win,Loss
Andrew Painter(P),"PHI
vs.
ARI",Bovada,-30.69%,-127,o4.5,+21.57%,-102,u4.5,05:02 AM,04/12/2026,04/12/2026,7,Win,Loss
Andrew Painter(P),"PHI
vs.
ARI",Bovada,-30.69%,-127,o4.5,+21.57%,-102,u4.5,05:01 AM,04/12/2026,04/12/2026,7,Win,Loss
Andrew Painter(P),"PHI
vs.
ARI",Bovada,-30.69%,-127,o4.5,+21.57%,-102,u4.5,04:57 AM,04/12/2026,04/12/2026,7,Win,Loss
Andrew Painter(P),"PHI
vs.
ARI",BetRivers,,-128,o4.5,,-101,u4.5,05:49 AM,04/12/2026,04/12/2026,7,Win,Loss
Andrew Painter(P),"PHI
vs.
ARI",BetRivers,,-127,o4.5,,-102,u4.5,05:02 AM,04/12/2026,04/12/2026,7,Win,Loss
Andrew Painter(P),"PHI
vs.
ARI",BetRivers,,-127,o4.5,,-102,u4.5,05:01 AM,04/12/2026,04/12/2026,7,Win,Loss
Andrew Painter(P),"PHI
vs.
ARI",BetRivers,,-127,o4.5,,-102,u4.5,04:57 AM,04/12/2026,04/12/2026,7,Win,Loss
Andrew Painter(P),"PHI
vs.
ARI",Fanatics,,-128,o4.5,,-101,u4.5,05:49 AM,04/12/2026,04/12/2026,7,Win,Loss
Andrew Painter(P),"PHI
vs.
ARI",Fanatics,,-127,o4.5,,-102,u4.5,05:02 AM,04/12/2026,04/12/2026,7,Win,Loss
Andrew Painter(P),"PHI
vs.
ARI",Fanatics,,-127,o4.5,,-102,u4.5,05:01 AM,04/12/2026,04/12/2026,7,Win,Loss
Andrew Painter(P),"PHI
vs.
ARI",Fanatics,,-127,o4.5,,-102,u4.5,04:57 AM,04/12/2026,04/12/2026,7,Win,Loss
Andrew Painter(P),"PHI
vs.
ARI",Hard Rock,-29.96%,-125,o4.5,+19.27%,-105,u4.5,04:14 AM,04/12/2026,04/12/2026,7,Win,Loss
Andrew Painter(P),"PHI
vs.
ARI",Hard Rock,-29.96%,-120,o4.5,+19.27%,-110,u4.5,04:02 AM,04/12/2026,04/12/2026,7,Win,Loss
Andrew Painter(P),"PHI
vs.
ARI",Hard Rock,-29.96%,-115,o4.5,+19.27%,,,03:18 AM,04/12/2026,04/12/2026,7,Win,NoStat
Zac Gallen(P),"ARI
@
PHI",FanDuel,-39.21%,-188,o4.5,+44.76%,+140,u4.5,05:47 AM,04/12/2026,04/12/2026,2,Loss,Win
Zac Gallen(P),"ARI
@
PHI",FanDuel,-39.21%,-186,o4.5,+44.76%,+138,u4.5,05:04 AM,04/12/2026,04/12/2026,2,Loss,Win
Zac Gallen(P),"ARI
@
PHI",FanDuel,-39.21%,-182,o4.5,+44.76%,+136,u4.5,04:39 AM,04/12/2026,04/12/2026,2,Loss,Win
Zac Gallen(P),"ARI
@
PHI",FanDuel,-39.21%,-186,o4.5,+44.76%,+138,u4.5,04:18 AM,04/12/2026,04/12/2026,2,Loss,Win
Zac Gallen(P),"ARI
@
PHI",FanDuel,-39.21%,-205,o4.5,+44.76%,+152,u4.5,04:16 AM,04/12/2026,04/12/2026,2,Loss,Win
Zac Gallen(P),"ARI
@
PHI",FanDuel,-39.21%,-200,o4.5,+44.76%,+148,u4.5,04:15 AM,04/12/2026,04/12/2026,2,Loss,Win
Zac Gallen(P),"ARI
@
PHI",DraftKings,-50%,+104,o5.5,+32.25%,-133,u5.5,04:01 AM,04/12/2026,04/12/2026,2,Loss,Win
Zac Gallen(P),"ARI
@
PHI",DraftKings,-50%,+119,o5.5,+32.25%,-152,u5.5,02:58 AM,04/12/2026,04/12/2026,2,Loss,Win
Zac Gallen(P),"ARI
@
PHI",Sharp Book,,+104,o5.5,,-133,u5.5,04:01 AM,04/12/2026,04/12/2026,2,Loss,Win
Zac Gallen(P),"ARI
@
PHI",Sharp Book,,+119,o5.5,,-152,u5.5,02:58 AM,04/12/2026,04/12/2026,2,Loss,Win
Zac Gallen(P),"ARI
@
PHI",Caesars,,+104,o5.5,,-133,u5.5,04:01 AM,04/12/2026,04/12/2026,2,Loss,Win
Zac Gallen(P),"ARI
@
PHI",Caesars,,+119,o5.5,,-152,u5.5,02:58 AM,04/12/2026,04/12/2026,2,Loss,Win
Zac Gallen(P),"ARI
@
PHI",BetMGM,,+104,o5.5,,-133,u5.5,04:01 AM,04/12/2026,04/12/2026,2,Loss,Win
Zac Gallen(P),"ARI
@
PHI",BetMGM,,+119,o5.5,,-152,u5.5,02:58 AM,04/12/2026,04/12/2026,2,Loss,Win
Zac Gallen(P),"ARI
@
PHI",ESPN Bet,,+104,o5.5,,-133,u5.5,04:01 AM,04/12/2026,04/12/2026,2,Loss,Win
Zac Gallen(P),"ARI
@
PHI",ESPN Bet,,+119,o5.5,,-152,u5.5,02:58 AM,04/12/2026,04/12/2026,2,Loss,Win
Zac Gallen(P),"ARI
@
PHI",Bookmaker,-44.85%,+125,o5.5,+23.57%,-157,u5.5,06:19 AM,04/12/2026,04/12/2026,2,Loss,Win
Zac Gallen(P),"ARI
@
PHI",Bookmaker,-44.85%,+127,o5.5,+23.57%,-160,u5.5,05:20 AM,04/12/2026,04/12/2026,2,Loss,Win
Zac Gallen(P),"ARI
@
PHI",Bovada,-38.87%,-185,o4.5,+44.76%,+140,u4.5,05:49 AM,04/12/2026,04/12/2026,2,Loss,Win
Zac Gallen(P),"ARI
@
PHI",Bovada,-38.87%,-182,o4.5,+44.76%,+138,u4.5,05:06 AM,04/12/2026,04/12/2026,2,Loss,Win
Zac Gallen(P),"ARI
@
PHI",Bovada,-38.87%,-179,o4.5,+44.76%,+136,u4.5,05:02 AM,04/12/2026,04/12/2026,2,Loss,Win
Zac Gallen(P),"ARI
@
PHI",Bovada,-38.87%,-179,o4.5,+44.76%,+136,u4.5,05:01 AM,04/12/2026,04/12/2026,2,Loss,Win
Zac Gallen(P),"ARI
@
PHI",Bovada,-38.87%,-179,o4.5,+44.76%,+136,u4.5,04:57 AM,04/12/2026,04/12/2026,2,Loss,Win
Zac Gallen(P),"ARI
@
PHI",BetRivers,,-185,o4.5,,+140,u4.5,05:49 AM,04/12/2026,04/12/2026,2,Loss,Win
Zac Gallen(P),"ARI
@
PHI",BetRivers,,-182,o4.5,,+138,u4.5,05:06 AM,04/12/2026,04/12/2026,2,Loss,Win
Zac Gallen(P),"ARI
@
PHI",BetRivers,,-179,o4.5,,+136,u4.5,05:02 AM,04/12/2026,04/12/2026,2,Loss,Win
Zac Gallen(P),"ARI
@
PHI",BetRivers,,-179,o4.5,,+136,u4.5,05:01 AM,04/12/2026,04/12/2026,2,Loss,Win
Zac Gallen(P),"ARI
@
PHI",BetRivers,,-179,o4.5,,+136,u4.5,04:57 AM,04/12/2026,04/12/2026,2,Loss,Win
Zac Gallen(P),"ARI
@
PHI",Fanatics,,-185,o4.5,,+140,u4.5,05:49 AM,04/12/2026,04/12/2026,2,Loss,Win
Zac Gallen(P),"ARI
@
PHI",Fanatics,,-182,o4.5,,+138,u4.5,05:06 AM,04/12/2026,04/12/2026,2,Loss,Win
Zac Gallen(P),"ARI
@
PHI",Fanatics,,-179,o4.5,,+136,u4.5,05:02 AM,04/12/2026,04/12/2026,2,Loss,Win
Zac Gallen(P),"ARI
@
PHI",Fanatics,,-179,o4.5,,+136,u4.5,05:01 AM,04/12/2026,04/12/2026,2,Loss,Win
Zac Gallen(P),"ARI
@
PHI",Fanatics,,-179,o4.5,,+136,u4.5,04:57 AM,04/12/2026,04/12/2026,2,Loss,Win
Zac Gallen(P),"ARI
@
PHI",Hard Rock,-49.75%,+105,o5.5,+29.41%,-140,u5.5,04:23 AM,04/12/2026,04/12/2026,2,Loss,Win
Zac Gallen(P),"ARI
@
PHI",Hard Rock,-49.75%,+100,o5.5,+29.41%,-130,u5.5,04:17 AM,04/12/2026,04/12/2026,2,Loss,Win
Zac Gallen(P),"ARI
@
PHI",Hard Rock,-49.75%,+105,o5.5,+29.41%,-135,u5.5,04:06 AM,04/12/2026,04/12/2026,2,Loss,Win
Zac Gallen(P),"ARI
@
PHI",Hard Rock,-49.75%,+110,o5.5,+29.41%,-145,u5.5,04:02 AM,04/12/2026,04/12/2026,2,Loss,Win
Zac Gallen(P),"ARI
@
PHI",Hard Rock,-49.75%,+120,o5.5,+29.41%,-155,u5.5,03:30 AM,04/12/2026,04/12/2026,2,Loss,Win
Zac Gallen(P),"ARI
@
PHI",Hard Rock,-49.75%,-160,o4.5,+29.41%,+120,u4.5,03:18 AM,04/12/2026,04/12/2026,2,Loss,Win
Cade Povich(P),"BAL
vs.
SF",FanDuel,-34.59%,+108,o5.5,+16.16%,-144,u5.5,04:51 AM,04/12/2026,04/12/2026,5,Loss,Win
Cade Povich(P),"BAL
vs.
SF",FanDuel,-34.59%,+110,o5.5,+16.16%,-146,u5.5,04:45 AM,04/12/2026,04/12/2026,5,Loss,Win
Cade Povich(P),"BAL
vs.
SF",DraftKings,-35.53%,+105,o5.5,+19.71%,-134,u5.5,04:01 AM,04/12/2026,04/12/2026,5,Loss,Win
Cade Povich(P),"BAL
vs.
SF",DraftKings,-35.53%,+108,o5.5,+19.71%,-138,u5.5,03:24 AM,04/12/2026,04/12/2026,5,Loss,Win
Cade Povich(P),"BAL
vs.
SF",DraftKings,-35.53%,-119,o5.5,+19.71%,-107,u5.5,03:09 AM,04/12/2026,04/12/2026,5,Loss,Win
Cade Povich(P),"BAL
vs.
SF",Sharp Book,,+105,o5.5,,-134,u5.5,04:01 AM,04/12/2026,04/12/2026,5,Loss,Win
Cade Povich(P),"BAL
vs.
SF",Sharp Book,,+108,o5.5,,-138,u5.5,03:24 AM,04/12/2026,04/12/2026,5,Loss,Win
Cade Povich(P),"BAL
vs.
SF",Sharp Book,,-119,o5.5,,-107,u5.5,03:09 AM,04/12/2026,04/12/2026,5,Loss,Win
Cade Povich(P),"BAL
vs.
SF",Caesars,,+105,o5.5,,-134,u5.5,04:01 AM,04/12/2026,04/12/2026,5,Loss,Win
Cade Povich(P),"BAL
vs.
SF",Caesars,,+108,o5.5,,-138,u5.5,03:24 AM,04/12/2026,04/12/2026,5,Loss,Win
Cade Povich(P),"BAL
vs.
SF",Caesars,,-119,o5.5,,-107,u5.5,03:09 AM,04/12/2026,04/12/2026,5,Loss,Win
Cade Povich(P),"BAL
vs.
SF",BetMGM,,+105,o5.5,,-134,u5.5,04:01 AM,04/12/2026,04/12/2026,5,Loss,Win
Cade Povich(P),"BAL
vs.
SF",BetMGM,,+108,o5.5,,-138,u5.5,03:24 AM,04/12/2026,04/12/2026,5,Loss,Win
Cade Povich(P),"BAL
vs.
SF",BetMGM,,-119,o5.5,,-107,u5.5,03:09 AM,04/12/2026,04/12/2026,5,Loss,Win
Cade Povich(P),"BAL
vs.
SF",ESPN Bet,,+105,o5.5,,-134,u5.5,04:01 AM,04/12/2026,04/12/2026,5,Loss,Win
Cade Povich(P),"BAL
vs.
SF",ESPN Bet,,+108,o5.5,,-138,u5.5,03:24 AM,04/12/2026,04/12/2026,5,Loss,Win
Cade Povich(P),"BAL
vs.
SF",ESPN Bet,,-119,o5.5,,-107,u5.5,03:09 AM,04/12/2026,04/12/2026,5,Loss,Win
Cade Povich(P),"BAL
vs.
SF",Bookmaker,-37.11%,+100,o5.5,+21.29%,-130,u5.5,05:46 AM,04/12/2026,04/12/2026,5,Loss,Win
Cade Povich(P),"BAL
vs.
SF",Bovada,-34.91%,+107,o5.5,+17.87%,-139,u5.5,05:41 AM,04/12/2026,04/12/2026,5,Loss,Win
Cade Povich(P),"BAL
vs.
SF",BetRivers,,+107,o5.5,,-139,u5.5,05:41 AM,04/12/2026,04/12/2026,5,Loss,Win
Cade Povich(P),"BAL
vs.
SF",Fanatics,,+107,o5.5,,-139,u5.5,05:41 AM,04/12/2026,04/12/2026,5,Loss,Win
Cade Povich(P),"BAL
vs.
SF",Hard Rock,-35.53%,+105,o5.5,+19.33%,-135,u5.5,05:12 AM,04/12/2026,04/12/2026,5,Loss,Win
Cade Povich(P),"BAL
vs.
SF",Hard Rock,-35.53%,+105,o5.5,+19.33%,-140,u5.5,05:04 AM,04/12/2026,04/12/2026,5,Loss,Win
Cade Povich(P),"BAL
vs.
SF",Hard Rock,-35.53%,+105,o5.5,+19.33%,-135,u5.5,04:59 AM,04/12/2026,04/12/2026,5,Loss,Win
Adrian Houser(P),"SF
@
BAL",FanDuel,-3.93%,+120,o4.5,-8.46%,-160,u4.5,04:45 AM,04/12/2026,04/12/2026,3,Loss,Win
Adrian Houser(P),"SF
@
BAL",FanDuel,-3.93%,+122,o4.5,-8.46%,-162,u4.5,04:45 AM,04/12/2026,04/12/2026,3,Loss,Win
Adrian Houser(P),"SF
@
BAL",DraftKings,-1.75%,+125,o4.5,-8.46%,-160,u4.5,05:57 AM,04/12/2026,04/12/2026,3,Loss,Win
Adrian Houser(P),"SF
@
BAL",DraftKings,-1.75%,+119,o4.5,-8.46%,-152,u4.5,04:01 AM,04/12/2026,04/12/2026,3,Loss,Win
Adrian Houser(P),"SF
@
BAL",DraftKings,-1.75%,+115,o4.5,-8.46%,-147,u4.5,03:09 AM,04/12/2026,04/12/2026,3,Loss,Win
Adrian Houser(P),"SF
@
BAL",Sharp Book,,+125,o4.5,,-160,u4.5,05:57 AM,04/12/2026,04/12/2026,3,Loss,Win
Adrian Houser(P),"SF
@
BAL",Sharp Book,,+119,o4.5,,-152,u4.5,04:01 AM,04/12/2026,04/12/2026,3,Loss,Win
Adrian Houser(P),"SF
@
BAL",Sharp Book,,+115,o4.5,,-147,u4.5,03:09 AM,04/12/2026,04/12/2026,3,Loss,Win
Adrian Houser(P),"SF
@
BAL",Caesars,,+125,o4.5,,-160,u4.5,05:57 AM,04/12/2026,04/12/2026,3,Loss,Win
Adrian Houser(P),"SF
@
BAL",Caesars,,+119,o4.5,,-152,u4.5,04:01 AM,04/12/2026,04/12/2026,3,Loss,Win
Adrian Houser(P),"SF
@
BAL",Caesars,,+115,o4.5,,-147,u4.5,03:09 AM,04/12/2026,04/12/2026,3,Loss,Win
Adrian Houser(P),"SF
@
BAL",BetMGM,,+125,o4.5,,-160,u4.5,05:57 AM,04/12/2026,04/12/2026,3,Loss,Win
Adrian Houser(P),"SF
@
BAL",BetMGM,,+119,o4.5,,-152,u4.5,04:01 AM,04/12/2026,04/12/2026,3,Loss,Win
Adrian Houser(P),"SF
@
BAL",BetMGM,,+115,o4.5,,-147,u4.5,03:09 AM,04/12/2026,04/12/2026,3,Loss,Win
Adrian Houser(P),"SF
@
BAL",ESPN Bet,,+125,o4.5,,-160,u4.5,05:57 AM,04/12/2026,04/12/2026,3,Loss,Win
Adrian Houser(P),"SF
@
BAL",ESPN Bet,,+119,o4.5,,-152,u4.5,04:01 AM,04/12/2026,04/12/2026,3,Loss,Win
Adrian Houser(P),"SF
@
BAL",ESPN Bet,,+115,o4.5,,-147,u4.5,03:09 AM,04/12/2026,04/12/2026,3,Loss,Win
Adrian Houser(P),"SF
@
BAL",Bookmaker,-8.3%,+110,o4.5,-3.43%,-140,u4.5,05:46 AM,04/12/2026,04/12/2026,3,Loss,Win
Adrian Houser(P),"SF
@
BAL",Bovada,-3.06%,+122,o4.5,-8.24%,-159,u4.5,05:59 AM,04/12/2026,04/12/2026,3,Loss,Win
Adrian Houser(P),"SF
@
BAL",Bovada,-3.06%,+118,o4.5,-8.24%,-154,u4.5,05:41 AM,04/12/2026,04/12/2026,3,Loss,Win
Adrian Houser(P),"SF
@
BAL",BetRivers,,+122,o4.5,,-159,u4.5,05:59 AM,04/12/2026,04/12/2026,3,Loss,Win
Adrian Houser(P),"SF
@
BAL",BetRivers,,+118,o4.5,,-154,u4.5,05:41 AM,04/12/2026,04/12/2026,3,Loss,Win
Adrian Houser(P),"SF
@
BAL",Fanatics,,+122,o4.5,,-159,u4.5,05:59 AM,04/12/2026,04/12/2026,3,Loss,Win
Adrian Houser(P),"SF
@
BAL",Fanatics,,+118,o4.5,,-154,u4.5,05:41 AM,04/12/2026,04/12/2026,3,Loss,Win
Adrian Houser(P),"SF
@
BAL",Hard Rock,-6.11%,+115,o4.5,-7.32%,-155,u4.5,05:12 AM,04/12/2026,04/12/2026,3,Loss,Win
Taj Bradley(P),"MIN
@
TOR",FanDuel,+1.74%,-125,o4.5,-15.5%,-106,u4.5,05:32 AM,04/12/2026,04/12/2026,7,Win,Loss
Taj Bradley(P),"MIN
@
TOR",FanDuel,+1.74%,-125,o4.5,-15.5%,-106,u4.5,05:32 AM,04/12/2026,04/12/2026,7,Win,Loss
Taj Bradley(P),"MIN
@
TOR",FanDuel,+1.74%,-125,o4.5,-15.5%,-106,u4.5,04:38 AM,04/12/2026,04/12/2026,7,Win,Loss
Taj Bradley(P),"MIN
@
TOR",FanDuel,+1.74%,-120,o4.5,-15.5%,-110,u4.5,04:16 AM,04/12/2026,04/12/2026,7,Win,Loss
Taj Bradley(P),"MIN
@
TOR",FanDuel,+1.74%,-112,o4.5,-15.5%,-118,u4.5,04:15 AM,04/12/2026,04/12/2026,7,Win,Loss
Taj Bradley(P),"MIN
@
TOR",DraftKings,-5.54%,-149,o4.5,-5.65%,+117,u4.5,04:36 AM,04/12/2026,04/12/2026,7,Win,Loss
Taj Bradley(P),"MIN
@
TOR",DraftKings,-5.54%,-139,o4.5,-5.65%,+109,u4.5,03:54 AM,04/12/2026,04/12/2026,7,Win,Loss
Taj Bradley(P),"MIN
@
TOR",Sharp Book,,-149,o4.5,,+117,u4.5,04:36 AM,04/12/2026,04/12/2026,7,Win,Loss
Taj Bradley(P),"MIN
@
TOR",Sharp Book,,-139,o4.5,,+109,u4.5,03:54 AM,04/12/2026,04/12/2026,7,Win,Loss
Taj Bradley(P),"MIN
@
TOR",Caesars,,-149,o4.5,,+117,u4.5,04:36 AM,04/12/2026,04/12/2026,7,Win,Loss
Taj Bradley(P),"MIN
@
TOR",Caesars,,-139,o4.5,,+109,u4.5,03:54 AM,04/12/2026,04/12/2026,7,Win,Loss
Taj Bradley(P),"MIN
@
TOR",BetMGM,,-149,o4.5,,+117,u4.5,04:36 AM,04/12/2026,04/12/2026,7,Win,Loss
Taj Bradley(P),"MIN
@
TOR",BetMGM,,-139,o4.5,,+109,u4.5,03:54 AM,04/12/2026,04/12/2026,7,Win,Loss
Taj Bradley(P),"MIN
@
TOR",ESPN Bet,,-149,o4.5,,+117,u4.5,04:36 AM,04/12/2026,04/12/2026,7,Win,Loss
Taj Bradley(P),"MIN
@
TOR",ESPN Bet,,-139,o4.5,,+109,u4.5,03:54 AM,04/12/2026,04/12/2026,7,Win,Loss
Taj Bradley(P),"MIN
@
TOR",Bookmaker,,-149,o4.5,,+117,u4.5,04:36 AM,04/12/2026,04/12/2026,7,Win,Loss
Taj Bradley(P),"MIN
@
TOR",Bookmaker,,-139,o4.5,,+109,u4.5,03:54 AM,04/12/2026,04/12/2026,7,Win,Loss
Taj Bradley(P),"MIN
@
TOR",Bovada,,-149,o4.5,,+117,u4.5,04:36 AM,04/12/2026,04/12/2026,7,Win,Loss
Taj Bradley(P),"MIN
@
TOR",Bovada,,-139,o4.5,,+109,u4.5,03:54 AM,04/12/2026,04/12/2026,7,Win,Loss
Taj Bradley(P),"MIN
@
TOR",BetRivers,,-149,o4.5,,+117,u4.5,04:36 AM,04/12/2026,04/12/2026,7,Win,Loss
Taj Bradley(P),"MIN
@
TOR",BetRivers,,-139,o4.5,,+109,u4.5,03:54 AM,04/12/2026,04/12/2026,7,Win,Loss
Taj Bradley(P),"MIN
@
TOR",Fanatics,,-149,o4.5,,+117,u4.5,04:36 AM,04/12/2026,04/12/2026,7,Win,Loss
Taj Bradley(P),"MIN
@
TOR",Fanatics,,-139,o4.5,,+109,u4.5,03:54 AM,04/12/2026,04/12/2026,7,Win,Loss
Taj Bradley(P),"MIN
@
TOR",Hard Rock,-1.61%,-135,o4.5,-10.87%,+105,u4.5,05:32 AM,04/12/2026,04/12/2026,7,Win,Loss
Taj Bradley(P),"MIN
@
TOR",Hard Rock,-1.61%,-150,o4.5,-10.87%,+115,u4.5,05:32 AM,04/12/2026,04/12/2026,7,Win,Loss
Taj Bradley(P),"MIN
@
TOR",Hard Rock,-1.61%,-135,o4.5,-10.87%,+105,u4.5,05:15 AM,04/12/2026,04/12/2026,7,Win,Loss
Taj Bradley(P),"MIN
@
TOR",Hard Rock,-1.61%,-125,o4.5,-10.87%,-105,u4.5,04:23 AM,04/12/2026,04/12/2026,7,Win,Loss
Taj Bradley(P),"MIN
@
TOR",Hard Rock,-1.61%,+150,o5.5,-10.87%,-200,u5.5,04:16 AM,04/12/2026,04/12/2026,7,Win,Loss
Taj Bradley(P),"MIN
@
TOR",Hard Rock,-1.61%,+155,o5.5,-10.87%,,,04:14 AM,04/12/2026,04/12/2026,7,Win,NoStat
Max Scherzer(P),"TOR
vs.
MIN",FanDuel,-18.54%,-144,o4.5,+8.00%,+108,u4.5,05:47 AM,04/12/2026,04/12/2026,3,Loss,Win
Max Scherzer(P),"TOR
vs.
MIN",FanDuel,-18.54%,-146,o4.5,+8.00%,+110,u4.5,05:32 AM,04/12/2026,04/12/2026,3,Loss,Win
Max Scherzer(P),"TOR
vs.
MIN",FanDuel,-18.54%,-144,o4.5,+8.00%,+108,u4.5,05:32 AM,04/12/2026,04/12/2026,3,Loss,Win
Max Scherzer(P),"TOR
vs.
MIN",FanDuel,-18.54%,-144,o4.5,+8.00%,+108,u4.5,05:32 AM,04/12/2026,04/12/2026,3,Loss,Win
Max Scherzer(P),"TOR
vs.
MIN",FanDuel,-18.54%,-144,o4.5,+8.00%,+108,u4.5,05:29 AM,04/12/2026,04/12/2026,3,Loss,Win
Max Scherzer(P),"TOR
vs.
MIN",FanDuel,-18.54%,-146,o4.5,+8.00%,+110,u4.5,05:26 AM,04/12/2026,04/12/2026,3,Loss,Win
Max Scherzer(P),"TOR
vs.
MIN",FanDuel,-18.54%,-144,o4.5,+8.00%,+108,u4.5,05:16 AM,04/12/2026,04/12/2026,3,Loss,Win
Max Scherzer(P),"TOR
vs.
MIN",FanDuel,-18.54%,-146,o4.5,+8.00%,+110,u4.5,04:54 AM,04/12/2026,04/12/2026,3,Loss,Win
Max Scherzer(P),"TOR
vs.
MIN",FanDuel,-18.54%,-144,o4.5,+8.00%,+108,u4.5,04:47 AM,04/12/2026,04/12/2026,3,Loss,Win
Max Scherzer(P),"TOR
vs.
MIN",FanDuel,-18.54%,-146,o4.5,+8.00%,+110,u4.5,04:38 AM,04/12/2026,04/12/2026,3,Loss,Win
Max Scherzer(P),"TOR
vs.
MIN",FanDuel,-18.54%,-140,o4.5,+8.00%,+106,u4.5,04:18 AM,04/12/2026,04/12/2026,3,Loss,Win
Max Scherzer(P),"TOR
vs.
MIN",FanDuel,-18.54%,-138,o4.5,+8.00%,+104,u4.5,04:15 AM,04/12/2026,04/12/2026,3,Loss,Win
Max Scherzer(P),"TOR
vs.
MIN",DraftKings,-19.66%,-149,o4.5,+12.67%,+117,u4.5,04:08 AM,04/12/2026,04/12/2026,3,Loss,Win
Max Scherzer(P),"TOR
vs.
MIN",DraftKings,-19.66%,-134,o4.5,+12.67%,+105,u4.5,03:54 AM,04/12/2026,04/12/2026,3,Loss,Win
Max Scherzer(P),"TOR
vs.
MIN",Sharp Book,,-149,o4.5,,+117,u4.5,04:08 AM,04/12/2026,04/12/2026,3,Loss,Win
Max Scherzer(P),"TOR
vs.
MIN",Sharp Book,,-134,o4.5,,+105,u4.5,03:54 AM,04/12/2026,04/12/2026,3,Loss,Win
Max Scherzer(P),"TOR
vs.
MIN",Caesars,,-149,o4.5,,+117,u4.5,04:08 AM,04/12/2026,04/12/2026,3,Loss,Win
Max Scherzer(P),"TOR
vs.
MIN",Caesars,,-134,o4.5,,+105,u4.5,03:54 AM,04/12/2026,04/12/2026,3,Loss,Win
Max Scherzer(P),"TOR
vs.
MIN",BetMGM,,-149,o4.5,,+117,u4.5,04:08 AM,04/12/2026,04/12/2026,3,Loss,Win
Max Scherzer(P),"TOR
vs.
MIN",BetMGM,,-134,o4.5,,+105,u4.5,03:54 AM,04/12/2026,04/12/2026,3,Loss,Win
Max Scherzer(P),"TOR
vs.
MIN",ESPN Bet,,-149,o4.5,,+117,u4.5,04:08 AM,04/12/2026,04/12/2026,3,Loss,Win
Max Scherzer(P),"TOR
vs.
MIN",ESPN Bet,,-134,o4.5,,+105,u4.5,03:54 AM,04/12/2026,04/12/2026,3,Loss,Win
Max Scherzer(P),"TOR
vs.
MIN",Bookmaker,,-149,o4.5,,+117,u4.5,04:08 AM,04/12/2026,04/12/2026,3,Loss,Win
Max Scherzer(P),"TOR
vs.
MIN",Bookmaker,,-134,o4.5,,+105,u4.5,03:54 AM,04/12/2026,04/12/2026,3,Loss,Win
Max Scherzer(P),"TOR
vs.
MIN",Bovada,,-149,o4.5,,+117,u4.5,04:08 AM,04/12/2026,04/12/2026,3,Loss,Win
Max Scherzer(P),"TOR
vs.
MIN",Bovada,,-134,o4.5,,+105,u4.5,03:54 AM,04/12/2026,04/12/2026,3,Loss,Win
Max Scherzer(P),"TOR
vs.
MIN",BetRivers,,-149,o4.5,,+117,u4.5,04:08 AM,04/12/2026,04/12/2026,3,Loss,Win
Max Scherzer(P),"TOR
vs.
MIN",BetRivers,,-134,o4.5,,+105,u4.5,03:54 AM,04/12/2026,04/12/2026,3,Loss,Win
Max Scherzer(P),"TOR
vs.
MIN",Fanatics,,-149,o4.5,,+117,u4.5,04:08 AM,04/12/2026,04/12/2026,3,Loss,Win
Max Scherzer(P),"TOR
vs.
MIN",Fanatics,,-134,o4.5,,+105,u4.5,03:54 AM,04/12/2026,04/12/2026,3,Loss,Win
Max Scherzer(P),"TOR
vs.
MIN",Hard Rock,,-149,o4.5,,+117,u4.5,04:08 AM,04/12/2026,04/12/2026,3,Loss,Win
Max Scherzer(P),"TOR
vs.
MIN",Hard Rock,,-134,o4.5,,+105,u4.5,03:54 AM,04/12/2026,04/12/2026,3,Loss,Win
Andrew Abbott(P),"CIN
vs.
LAA",FanDuel,-2.61%,+124,o6.5,-9.43%,-166,u6.5,05:54 AM,04/12/2026,04/12/2026,1,Loss,Win
Andrew Abbott(P),"CIN
vs.
LAA",FanDuel,-2.61%,+122,o6.5,-9.43%,-162,u6.5,05:30 AM,04/12/2026,04/12/2026,1,Loss,Win
Andrew Abbott(P),"CIN
vs.
LAA",FanDuel,-2.61%,+128,o6.5,-9.43%,-172,u6.5,05:30 AM,04/12/2026,04/12/2026,1,Loss,Win
Andrew Abbott(P),"CIN
vs.
LAA",FanDuel,-2.61%,+124,o6.5,-9.43%,-166,u6.5,04:58 AM,04/12/2026,04/12/2026,1,Loss,Win
Andrew Abbott(P),"CIN
vs.
LAA",FanDuel,-2.61%,+118,o6.5,-9.43%,-158,u6.5,04:55 AM,04/12/2026,04/12/2026,1,Loss,Win
Andrew Abbott(P),"CIN
vs.
LAA",DraftKings,-5.65%,+117,o6.5,-5.8%,-150,u6.5,05:59 AM,04/12/2026,04/12/2026,1,Loss,Win
Andrew Abbott(P),"CIN
vs.
LAA",DraftKings,-5.65%,+121,o6.5,-5.8%,-155,u6.5,05:45 AM,04/12/2026,04/12/2026,1,Loss,Win
Andrew Abbott(P),"CIN
vs.
LAA",DraftKings,-5.65%,+115,o6.5,-5.8%,-147,u6.5,05:43 AM,04/12/2026,04/12/2026,1,Loss,Win
Andrew Abbott(P),"CIN
vs.
LAA",DraftKings,-5.65%,+120,o6.5,-5.8%,-153,u6.5,05:40 AM,04/12/2026,04/12/2026,1,Loss,Win
Andrew Abbott(P),"CIN
vs.
LAA",DraftKings,-5.65%,+124,o6.5,-5.8%,-159,u6.5,05:37 AM,04/12/2026,04/12/2026,1,Loss,Win
Andrew Abbott(P),"CIN
vs.
LAA",DraftKings,-5.65%,-162,o5.5,-5.8%,-153,u6.5,05:37 AM,04/12/2026,04/12/2026,1,Loss,Win
Andrew Abbott(P),"CIN
vs.
LAA",DraftKings,-5.65%,-162,o5.5,-5.8%,+126,u5.5,05:36 AM,04/12/2026,04/12/2026,1,Loss,Win
Andrew Abbott(P),"CIN
vs.
LAA",Sharp Book,,+117,o6.5,,-150,u6.5,05:59 AM,04/12/2026,04/12/2026,1,Loss,Win
Andrew Abbott(P),"CIN
vs.
LAA",Sharp Book,,+121,o6.5,,-155,u6.5,05:45 AM,04/12/2026,04/12/2026,1,Loss,Win
Andrew Abbott(P),"CIN
vs.
LAA",Sharp Book,,+115,o6.5,,-147,u6.5,05:43 AM,04/12/2026,04/12/2026,1,Loss,Win
Andrew Abbott(P),"CIN
vs.
LAA",Sharp Book,,+120,o6.5,,-153,u6.5,05:40 AM,04/12/2026,04/12/2026,1,Loss,Win
Andrew Abbott(P),"CIN
vs.
LAA",Sharp Book,,+124,o6.5,,-159,u6.5,05:37 AM,04/12/2026,04/12/2026,1,Loss,Win
Andrew Abbott(P),"CIN
vs.
LAA",Sharp Book,,-162,o5.5,,-153,u6.5,05:37 AM,04/12/2026,04/12/2026,1,Loss,Win
Andrew Abbott(P),"CIN
vs.
LAA",Sharp Book,,-162,o5.5,,+126,u5.5,05:36 AM,04/12/2026,04/12/2026,1,Loss,Win
Andrew Abbott(P),"CIN
vs.
LAA",Caesars,,+117,o6.5,,-150,u6.5,05:59 AM,04/12/2026,04/12/2026,1,Loss,Win
Andrew Abbott(P),"CIN
vs.
LAA",Caesars,,+121,o6.5,,-155,u6.5,05:45 AM,04/12/2026,04/12/2026,1,Loss,Win
Andrew Abbott(P),"CIN
vs.
LAA",Caesars,,+115,o6.5,,-147,u6.5,05:43 AM,04/12/2026,04/12/2026,1,Loss,Win
Andrew Abbott(P),"CIN
vs.
LAA",Caesars,,+120,o6.5,,-153,u6.5,05:40 AM,04/12/2026,04/12/2026,1,Loss,Win
Andrew Abbott(P),"CIN
vs.
LAA",Caesars,,+124,o6.5,,-159,u6.5,05:37 AM,04/12/2026,04/12/2026,1,Loss,Win
Andrew Abbott(P),"CIN
vs.
LAA",Caesars,,-162,o5.5,,-153,u6.5,05:37 AM,04/12/2026,04/12/2026,1,Loss,Win
Andrew Abbott(P),"CIN
vs.
LAA",Caesars,,-162,o5.5,,+126,u5.5,05:36 AM,04/12/2026,04/12/2026,1,Loss,Win
Andrew Abbott(P),"CIN
vs.
LAA",BetMGM,,+117,o6.5,,-150,u6.5,05:59 AM,04/12/2026,04/12/2026,1,Loss,Win
Andrew Abbott(P),"CIN
vs.
LAA",BetMGM,,+121,o6.5,,-155,u6.5,05:45 AM,04/12/2026,04/12/2026,1,Loss,Win
Andrew Abbott(P),"CIN
vs.
LAA",BetMGM,,+115,o6.5,,-147,u6.5,05:43 AM,04/12/2026,04/12/2026,1,Loss,Win
Andrew Abbott(P),"CIN
vs.
LAA",BetMGM,,+120,o6.5,,-153,u6.5,05:40 AM,04/12/2026,04/12/2026,1,Loss,Win
Andrew Abbott(P),"CIN
vs.
LAA",BetMGM,,+124,o6.5,,-159,u6.5,05:37 AM,04/12/2026,04/12/2026,1,Loss,Win
Andrew Abbott(P),"CIN
vs.
LAA",BetMGM,,-162,o5.5,,-153,u6.5,05:37 AM,04/12/2026,04/12/2026,1,Loss,Win
Andrew Abbott(P),"CIN
vs.
LAA",BetMGM,,-162,o5.5,,+126,u5.5,05:36 AM,04/12/2026,04/12/2026,1,Loss,Win
Andrew Abbott(P),"CIN
vs.
LAA",ESPN Bet,,+117,o6.5,,-150,u6.5,05:59 AM,04/12/2026,04/12/2026,1,Loss,Win
Andrew Abbott(P),"CIN
vs.
LAA",ESPN Bet,,+121,o6.5,,-155,u6.5,05:45 AM,04/12/2026,04/12/2026,1,Loss,Win
Andrew Abbott(P),"CIN
vs.
LAA",ESPN Bet,,+115,o6.5,,-147,u6.5,05:43 AM,04/12/2026,04/12/2026,1,Loss,Win
Andrew Abbott(P),"CIN
vs.
LAA",ESPN Bet,,+120,o6.5,,-153,u6.5,05:40 AM,04/12/2026,04/12/2026,1,Loss,Win
Andrew Abbott(P),"CIN
vs.
LAA",ESPN Bet,,+124,o6.5,,-159,u6.5,05:37 AM,04/12/2026,04/12/2026,1,Loss,Win
Andrew Abbott(P),"CIN
vs.
LAA",ESPN Bet,,-162,o5.5,,-153,u6.5,05:37 AM,04/12/2026,04/12/2026,1,Loss,Win
Andrew Abbott(P),"CIN
vs.
LAA",ESPN Bet,,-162,o5.5,,+126,u5.5,05:36 AM,04/12/2026,04/12/2026,1,Loss,Win
Andrew Abbott(P),"CIN
vs.
LAA",Bookmaker,-4.35%,+120,o6.5,-5.8%,-150,u6.5,06:21 AM,04/12/2026,04/12/2026,1,Loss,Win
Andrew Abbott(P),"CIN
vs.
LAA",Bovada,,+120,o6.5,,-150,u6.5,06:21 AM,04/12/2026,04/12/2026,1,Loss,Win
Andrew Abbott(P),"CIN
vs.
LAA",BetRivers,,+120,o6.5,,-150,u6.5,06:21 AM,04/12/2026,04/12/2026,1,Loss,Win
Andrew Abbott(P),"CIN
vs.
LAA",Fanatics,,+120,o6.5,,-150,u6.5,06:21 AM,04/12/2026,04/12/2026,1,Loss,Win
Andrew Abbott(P),"CIN
vs.
LAA",Hard Rock,-1.08%,-150,o5.5,-12.6%,+115,u5.5,05:37 AM,04/12/2026,04/12/2026,1,Loss,Win
Andrew Abbott(P),"CIN
vs.
LAA",Hard Rock,-1.08%,-140,o5.5,-12.6%,+110,u5.5,05:30 AM,04/12/2026,04/12/2026,1,Loss,Win
Andrew Abbott(P),"CIN
vs.
LAA",Hard Rock,-1.08%,-145,o5.5,-12.6%,+110,u5.5,05:12 AM,04/12/2026,04/12/2026,1,Loss,Win
José Soriano(P),"LAA
@
CIN",FanDuel,+23.27%,+106,o5.5,-31.15%,-140,u5.5,05:54 AM,04/12/2026,04/12/2026,10,Win,Loss
José Soriano(P),"LAA
@
CIN",FanDuel,+23.27%,+100,o5.5,-31.15%,-132,u5.5,05:34 AM,04/12/2026,04/12/2026,10,Win,Loss
José Soriano(P),"LAA
@
CIN",FanDuel,+23.27%,+104,o5.5,-31.15%,-138,u5.5,05:30 AM,04/12/2026,04/12/2026,10,Win,Loss
José Soriano(P),"LAA
@
CIN",FanDuel,+23.27%,+106,o5.5,-31.15%,-140,u5.5,04:58 AM,04/12/2026,04/12/2026,10,Win,Loss
José Soriano(P),"LAA
@
CIN",FanDuel,+23.27%,+108,o5.5,-31.15%,-144,u5.5,04:55 AM,04/12/2026,04/12/2026,10,Win,Loss
José Soriano(P),"LAA
@
CIN",DraftKings,+20.28%,+101,o5.5,-28.71%,-129,u5.5,06:23 AM,04/12/2026,04/12/2026,10,Win,Loss
José Soriano(P),"LAA
@
CIN",DraftKings,+20.28%,+105,o5.5,-28.71%,-133,u5.5,06:08 AM,04/12/2026,04/12/2026,10,Win,Loss
José Soriano(P),"LAA
@
CIN",DraftKings,+20.28%,+109,o5.5,-28.71%,-140,u5.5,06:03 AM,04/12/2026,04/12/2026,10,Win,Loss
José Soriano(P),"LAA
@
CIN",DraftKings,+20.28%,+109,o5.5,-28.71%,-140,u5.5,06:03 AM,04/12/2026,04/12/2026,10,Win,Loss
José Soriano(P),"LAA
@
CIN",DraftKings,+20.28%,+109,o5.5,-28.71%,-140,u5.5,06:02 AM,04/12/2026,04/12/2026,10,Win,Loss
José Soriano(P),"LAA
@
CIN",DraftKings,+20.28%,+106,o5.5,-28.71%,-135,u5.5,05:59 AM,04/12/2026,04/12/2026,10,Win,Loss
José Soriano(P),"LAA
@
CIN",Sharp Book,,+101,o5.5,,-129,u5.5,06:23 AM,04/12/2026,04/12/2026,10,Win,Loss
José Soriano(P),"LAA
@
CIN",Sharp Book,,+105,o5.5,,-133,u5.5,06:08 AM,04/12/2026,04/12/2026,10,Win,Loss
José Soriano(P),"LAA
@
CIN",Sharp Book,,+109,o5.5,,-140,u5.5,06:03 AM,04/12/2026,04/12/2026,10,Win,Loss
José Soriano(P),"LAA
@
CIN",Sharp Book,,+109,o5.5,,-140,u5.5,06:03 AM,04/12/2026,04/12/2026,10,Win,Loss
José Soriano(P),"LAA
@
CIN",Sharp Book,,+109,o5.5,,-140,u5.5,06:02 AM,04/12/2026,04/12/2026,10,Win,Loss
José Soriano(P),"LAA
@
CIN",Sharp Book,,+106,o5.5,,-135,u5.5,05:59 AM,04/12/2026,04/12/2026,10,Win,Loss
José Soriano(P),"LAA
@
CIN",Caesars,,+101,o5.5,,-129,u5.5,06:23 AM,04/12/2026,04/12/2026,10,Win,Loss
José Soriano(P),"LAA
@
CIN",Caesars,,+105,o5.5,,-133,u5.5,06:08 AM,04/12/2026,04/12/2026,10,Win,Loss
José Soriano(P),"LAA
@
CIN",Caesars,,+109,o5.5,,-140,u5.5,06:03 AM,04/12/2026,04/12/2026,10,Win,Loss
José Soriano(P),"LAA
@
CIN",Caesars,,+109,o5.5,,-140,u5.5,06:03 AM,04/12/2026,04/12/2026,10,Win,Loss
José Soriano(P),"LAA
@
CIN",Caesars,,+109,o5.5,,-140,u5.5,06:02 AM,04/12/2026,04/12/2026,10,Win,Loss
José Soriano(P),"LAA
@
CIN",Caesars,,+106,o5.5,,-135,u5.5,05:59 AM,04/12/2026,04/12/2026,10,Win,Loss
José Soriano(P),"LAA
@
CIN",BetMGM,,+101,o5.5,,-129,u5.5,06:23 AM,04/12/2026,04/12/2026,10,Win,Loss
José Soriano(P),"LAA
@
CIN",BetMGM,,+105,o5.5,,-133,u5.5,06:08 AM,04/12/2026,04/12/2026,10,Win,Loss
José Soriano(P),"LAA
@
CIN",BetMGM,,+109,o5.5,,-140,u5.5,06:03 AM,04/12/2026,04/12/2026,10,Win,Loss
José Soriano(P),"LAA
@
CIN",BetMGM,,+109,o5.5,,-140,u5.5,06:03 AM,04/12/2026,04/12/2026,10,Win,Loss
José Soriano(P),"LAA
@
CIN",BetMGM,,+109,o5.5,,-140,u5.5,06:02 AM,04/12/2026,04/12/2026,10,Win,Loss
José Soriano(P),"LAA
@
CIN",BetMGM,,+106,o5.5,,-135,u5.5,05:59 AM,04/12/2026,04/12/2026,10,Win,Loss
José Soriano(P),"LAA
@
CIN",ESPN Bet,,+101,o5.5,,-129,u5.5,06:23 AM,04/12/2026,04/12/2026,10,Win,Loss
José Soriano(P),"LAA
@
CIN",ESPN Bet,,+105,o5.5,,-133,u5.5,06:08 AM,04/12/2026,04/12/2026,10,Win,Loss
José Soriano(P),"LAA
@
CIN",ESPN Bet,,+109,o5.5,,-140,u5.5,06:03 AM,04/12/2026,04/12/2026,10,Win,Loss
José Soriano(P),"LAA
@
CIN",ESPN Bet,,+109,o5.5,,-140,u5.5,06:03 AM,04/12/2026,04/12/2026,10,Win,Loss
José Soriano(P),"LAA
@
CIN",ESPN Bet,,+109,o5.5,,-140,u5.5,06:02 AM,04/12/2026,04/12/2026,10,Win,Loss
José Soriano(P),"LAA
@
CIN",ESPN Bet,,+106,o5.5,,-135,u5.5,05:59 AM,04/12/2026,04/12/2026,10,Win,Loss
José Soriano(P),"LAA
@
CIN",Bookmaker,+22.67%,+105,o5.5,-30.09%,-135,u5.5,06:21 AM,04/12/2026,04/12/2026,10,Win,Loss
José Soriano(P),"LAA
@
CIN",Bovada,,+105,o5.5,,-135,u5.5,06:21 AM,04/12/2026,04/12/2026,10,Win,Loss
José Soriano(P),"LAA
@
CIN",BetRivers,,+105,o5.5,,-135,u5.5,06:21 AM,04/12/2026,04/12/2026,10,Win,Loss
José Soriano(P),"LAA
@
CIN",Fanatics,,+105,o5.5,,-135,u5.5,06:21 AM,04/12/2026,04/12/2026,10,Win,Loss
José Soriano(P),"LAA
@
CIN",Hard Rock,+22.67%,+105,o5.5,-30.09%,-135,u5.5,05:54 AM,04/12/2026,04/12/2026,10,Win,Loss
José Soriano(P),"LAA
@
CIN",Hard Rock,+22.67%,+100,o5.5,-30.09%,-130,u5.5,05:34 AM,04/12/2026,04/12/2026,10,Win,Loss
José Soriano(P),"LAA
@
CIN",Hard Rock,+22.67%,+105,o5.5,-30.09%,-140,u5.5,05:23 AM,04/12/2026,04/12/2026,10,Win,Loss
Tarik Skubal(P),"DET
vs.
MIA",FanDuel,-3.85%,-114,o7.5,-8.43%,-114,u7.5,06:09 AM,04/12/2026,04/12/2026,7,Loss,Win
Tarik Skubal(P),"DET
vs.
MIA",FanDuel,-3.85%,-108,o7.5,-8.43%,-122,u7.5,05:56 AM,04/12/2026,04/12/2026,7,Loss,Win
Tarik Skubal(P),"DET
vs.
MIA",FanDuel,-3.85%,-120,o7.5,-8.43%,-110,u7.5,05:48 AM,04/12/2026,04/12/2026,7,Loss,Win
Tarik Skubal(P),"DET
vs.
MIA",FanDuel,-3.85%,-114,o7.5,-8.43%,-114,u7.5,04:43 AM,04/12/2026,04/12/2026,7,Loss,Win
Tarik Skubal(P),"DET
vs.
MIA",FanDuel,-3.85%,-110,o7.5,-8.43%,-120,u7.5,04:12 AM,04/12/2026,04/12/2026,7,Loss,Win
Tarik Skubal(P),"DET
vs.
MIA",FanDuel,-3.85%,-114,o7.5,-8.43%,-114,u7.5,01:45 AM,04/12/2026,04/12/2026,7,Loss,Win
Tarik Skubal(P),"DET
vs.
MIA",DraftKings,-9.68%,-131,o7.5,-0.98%,+103,u7.5,05:52 AM,04/12/2026,04/12/2026,7,Loss,Win
Tarik Skubal(P),"DET
vs.
MIA",DraftKings,-9.68%,-127,o7.5,-0.98%,-101,u7.5,02:37 AM,04/12/2026,04/12/2026,7,Loss,Win
Tarik Skubal(P),"DET
vs.
MIA",DraftKings,-9.68%,-121,o7.5,-0.98%,-106,u7.5,02:35 AM,04/12/2026,04/12/2026,7,Loss,Win
Tarik Skubal(P),"DET
vs.
MIA",DraftKings,-9.68%,-117,o7.5,-0.98%,-109,u7.5,02:30 AM,04/12/2026,04/12/2026,7,Loss,Win
Tarik Skubal(P),"DET
vs.
MIA",DraftKings,-9.68%,-121,o7.5,-0.98%,-105,u7.5,02:30 AM,04/12/2026,04/12/2026,7,Loss,Win
Tarik Skubal(P),"DET
vs.
MIA",DraftKings,-9.68%,-121,o7.5,-0.98%,-105,u7.5,02:30 AM,04/12/2026,04/12/2026,7,Loss,Win
Tarik Skubal(P),"DET
vs.
MIA",DraftKings,-9.68%,-121,o7.5,-0.98%,-105,u7.5,02:29 AM,04/12/2026,04/12/2026,7,Loss,Win
Tarik Skubal(P),"DET
vs.
MIA",DraftKings,-9.68%,-126,o7.5,-0.98%,-101,u7.5,02:26 AM,04/12/2026,04/12/2026,7,Loss,Win
Tarik Skubal(P),"DET
vs.
MIA",Sharp Book,,-131,o7.5,,+103,u7.5,05:52 AM,04/12/2026,04/12/2026,7,Loss,Win
Tarik Skubal(P),"DET
vs.
MIA",Sharp Book,,-127,o7.5,,-101,u7.5,02:37 AM,04/12/2026,04/12/2026,7,Loss,Win
Tarik Skubal(P),"DET
vs.
MIA",Sharp Book,,-121,o7.5,,-106,u7.5,02:35 AM,04/12/2026,04/12/2026,7,Loss,Win
Tarik Skubal(P),"DET
vs.
MIA",Sharp Book,,-117,o7.5,,-109,u7.5,02:30 AM,04/12/2026,04/12/2026,7,Loss,Win
Tarik Skubal(P),"DET
vs.
MIA",Sharp Book,,-121,o7.5,,-105,u7.5,02:30 AM,04/12/2026,04/12/2026,7,Loss,Win
Tarik Skubal(P),"DET
vs.
MIA",Sharp Book,,-121,o7.5,,-105,u7.5,02:30 AM,04/12/2026,04/12/2026,7,Loss,Win
Tarik Skubal(P),"DET
vs.
MIA",Sharp Book,,-121,o7.5,,-105,u7.5,02:29 AM,04/12/2026,04/12/2026,7,Loss,Win
Tarik Skubal(P),"DET
vs.
MIA",Sharp Book,,-126,o7.5,,-101,u7.5,02:26 AM,04/12/2026,04/12/2026,7,Loss,Win
Tarik Skubal(P),"DET
vs.
MIA",Caesars,,-131,o7.5,,+103,u7.5,05:52 AM,04/12/2026,04/12/2026,7,Loss,Win
Tarik Skubal(P),"DET
vs.
MIA",Caesars,,-127,o7.5,,-101,u7.5,02:37 AM,04/12/2026,04/12/2026,7,Loss,Win
Tarik Skubal(P),"DET
vs.
MIA",Caesars,,-121,o7.5,,-106,u7.5,02:35 AM,04/12/2026,04/12/2026,7,Loss,Win
Tarik Skubal(P),"DET
vs.
MIA",Caesars,,-117,o7.5,,-109,u7.5,02:30 AM,04/12/2026,04/12/2026,7,Loss,Win
Tarik Skubal(P),"DET
vs.
MIA",Caesars,,-121,o7.5,,-105,u7.5,02:30 AM,04/12/2026,04/12/2026,7,Loss,Win
Tarik Skubal(P),"DET
vs.
MIA",Caesars,,-121,o7.5,,-105,u7.5,02:30 AM,04/12/2026,04/12/2026,7,Loss,Win
Tarik Skubal(P),"DET
vs.
MIA",Caesars,,-121,o7.5,,-105,u7.5,02:29 AM,04/12/2026,04/12/2026,7,Loss,Win
Tarik Skubal(P),"DET
vs.
MIA",Caesars,,-126,o7.5,,-101,u7.5,02:26 AM,04/12/2026,04/12/2026,7,Loss,Win
Tarik Skubal(P),"DET
vs.
MIA",BetMGM,,-131,o7.5,,+103,u7.5,05:52 AM,04/12/2026,04/12/2026,7,Loss,Win
Tarik Skubal(P),"DET
vs.
MIA",BetMGM,,-127,o7.5,,-101,u7.5,02:37 AM,04/12/2026,04/12/2026,7,Loss,Win
Tarik Skubal(P),"DET
vs.
MIA",BetMGM,,-121,o7.5,,-106,u7.5,02:35 AM,04/12/2026,04/12/2026,7,Loss,Win
Tarik Skubal(P),"DET
vs.
MIA",BetMGM,,-117,o7.5,,-109,u7.5,02:30 AM,04/12/2026,04/12/2026,7,Loss,Win
Tarik Skubal(P),"DET
vs.
MIA",BetMGM,,-121,o7.5,,-105,u7.5,02:30 AM,04/12/2026,04/12/2026,7,Loss,Win
Tarik Skubal(P),"DET
vs.
MIA",BetMGM,,-121,o7.5,,-105,u7.5,02:30 AM,04/12/2026,04/12/2026,7,Loss,Win
Tarik Skubal(P),"DET
vs.
MIA",BetMGM,,-121,o7.5,,-105,u7.5,02:29 AM,04/12/2026,04/12/2026,7,Loss,Win
Tarik Skubal(P),"DET
vs.
MIA",BetMGM,,-126,o7.5,,-101,u7.5,02:26 AM,04/12/2026,04/12/2026,7,Loss,Win
Tarik Skubal(P),"DET
vs.
MIA",ESPN Bet,,-131,o7.5,,+103,u7.5,05:52 AM,04/12/2026,04/12/2026,7,Loss,Win
Tarik Skubal(P),"DET
vs.
MIA",ESPN Bet,,-127,o7.5,,-101,u7.5,02:37 AM,04/12/2026,04/12/2026,7,Loss,Win
Tarik Skubal(P),"DET
vs.
MIA",ESPN Bet,,-121,o7.5,,-106,u7.5,02:35 AM,04/12/2026,04/12/2026,7,Loss,Win
Tarik Skubal(P),"DET
vs.
MIA",ESPN Bet,,-117,o7.5,,-109,u7.5,02:30 AM,04/12/2026,04/12/2026,7,Loss,Win
Tarik Skubal(P),"DET
vs.
MIA",ESPN Bet,,-121,o7.5,,-105,u7.5,02:30 AM,04/12/2026,04/12/2026,7,Loss,Win
Tarik Skubal(P),"DET
vs.
MIA",ESPN Bet,,-121,o7.5,,-105,u7.5,02:30 AM,04/12/2026,04/12/2026,7,Loss,Win
Tarik Skubal(P),"DET
vs.
MIA",ESPN Bet,,-121,o7.5,,-105,u7.5,02:29 AM,04/12/2026,04/12/2026,7,Loss,Win
Tarik Skubal(P),"DET
vs.
MIA",ESPN Bet,,-126,o7.5,,-101,u7.5,02:26 AM,04/12/2026,04/12/2026,7,Loss,Win
Tarik Skubal(P),"DET
vs.
MIA",Bookmaker,-11.93%,-139,o7.5,+2.44%,+110,u7.5,06:08 AM,04/12/2026,04/12/2026,7,Loss,Win
Tarik Skubal(P),"DET
vs.
MIA",Bookmaker,-11.93%,-140,o7.5,+2.44%,+110,u7.5,05:56 AM,04/12/2026,04/12/2026,7,Loss,Win
Tarik Skubal(P),"DET
vs.
MIA",Bovada,-6.1%,-120,o7.5,-6.05%,-108,u7.5,06:12 AM,04/12/2026,04/12/2026,7,Loss,Win
Tarik Skubal(P),"DET
vs.
MIA",Bovada,-6.1%,-118,o7.5,-6.05%,-110,u7.5,06:02 AM,04/12/2026,04/12/2026,7,Loss,Win
Tarik Skubal(P),"DET
vs.
MIA",Bovada,-6.1%,-119,o7.5,-6.05%,-109,u7.5,05:59 AM,04/12/2026,04/12/2026,7,Loss,Win
Tarik Skubal(P),"DET
vs.
MIA",Bovada,-6.1%,-123,o7.5,-6.05%,-105,u7.5,05:55 AM,04/12/2026,04/12/2026,7,Loss,Win
Tarik Skubal(P),"DET
vs.
MIA",Bovada,-6.1%,-122,o7.5,-6.05%,-106,u7.5,05:52 AM,04/12/2026,04/12/2026,7,Loss,Win
Tarik Skubal(P),"DET
vs.
MIA",Bovada,-6.1%,-120,o7.5,-6.05%,-108,u7.5,04:45 AM,04/12/2026,04/12/2026,7,Loss,Win
Tarik Skubal(P),"DET
vs.
MIA",Bovada,-6.1%,-116,o7.5,-6.05%,-111,u7.5,04:15 AM,04/12/2026,04/12/2026,7,Loss,Win
Tarik Skubal(P),"DET
vs.
MIA",Bovada,-6.1%,-118,o7.5,-6.05%,-110,u7.5,04:07 AM,04/12/2026,04/12/2026,7,Loss,Win
Tarik Skubal(P),"DET
vs.
MIA",Bovada,-6.1%,-120,o7.5,-6.05%,-108,u7.5,04:03 AM,04/12/2026,04/12/2026,7,Loss,Win
Tarik Skubal(P),"DET
vs.
MIA",Bovada,-6.1%,-120,o7.5,-6.05%,-108,u7.5,03:58 AM,04/12/2026,04/12/2026,7,Loss,Win
Tarik Skubal(P),"DET
vs.
MIA",Bovada,-6.1%,-120,o7.5,-6.05%,-108,u7.5,03:53 AM,04/12/2026,04/12/2026,7,Loss,Win
Tarik Skubal(P),"DET
vs.
MIA",BetRivers,,-120,o7.5,,-108,u7.5,06:12 AM,04/12/2026,04/12/2026,7,Loss,Win
Tarik Skubal(P),"DET
vs.
MIA",BetRivers,,-118,o7.5,,-110,u7.5,06:02 AM,04/12/2026,04/12/2026,7,Loss,Win
Tarik Skubal(P),"DET
vs.
MIA",BetRivers,,-119,o7.5,,-109,u7.5,05:59 AM,04/12/2026,04/12/2026,7,Loss,Win
Tarik Skubal(P),"DET
vs.
MIA",BetRivers,,-123,o7.5,,-105,u7.5,05:55 AM,04/12/2026,04/12/2026,7,Loss,Win
Tarik Skubal(P),"DET
vs.
MIA",BetRivers,,-122,o7.5,,-106,u7.5,05:52 AM,04/12/2026,04/12/2026,7,Loss,Win
Tarik Skubal(P),"DET
vs.
MIA",BetRivers,,-120,o7.5,,-108,u7.5,04:45 AM,04/12/2026,04/12/2026,7,Loss,Win
Tarik Skubal(P),"DET
vs.
MIA",BetRivers,,-116,o7.5,,-111,u7.5,04:15 AM,04/12/2026,04/12/2026,7,Loss,Win
Tarik Skubal(P),"DET
vs.
MIA",BetRivers,,-118,o7.5,,-110,u7.5,04:07 AM,04/12/2026,04/12/2026,7,Loss,Win
Tarik Skubal(P),"DET
vs.
MIA",BetRivers,,-120,o7.5,,-108,u7.5,04:03 AM,04/12/2026,04/12/2026,7,Loss,Win
Tarik Skubal(P),"DET
vs.
MIA",BetRivers,,-120,o7.5,,-108,u7.5,03:58 AM,04/12/2026,04/12/2026,7,Loss,Win
Tarik Skubal(P),"DET
vs.
MIA",BetRivers,,-120,o7.5,,-108,u7.5,03:53 AM,04/12/2026,04/12/2026,7,Loss,Win
Tarik Skubal(P),"DET
vs.
MIA",Fanatics,-4.24%,-115,o7.5,-8.8%,-115,u7.5,05:58 AM,04/12/2026,04/12/2026,7,Loss,Win
Tarik Skubal(P),"DET
vs.
MIA",Fanatics,-4.24%,-120,o7.5,-8.8%,-110,u7.5,04:46 AM,04/12/2026,04/12/2026,7,Loss,Win
Tarik Skubal(P),"DET
vs.
MIA",Fanatics,-4.24%,-115,o7.5,-8.8%,-115,u7.5,04:05 AM,04/12/2026,04/12/2026,7,Loss,Win
Tarik Skubal(P),"DET
vs.
MIA",Fanatics,-4.24%,-120,o7.5,-8.8%,-110,u7.5,03:14 AM,04/12/2026,04/12/2026,7,Loss,Win
Tarik Skubal(P),"DET
vs.
MIA",Fanatics,-4.24%,-115,o7.5,-8.8%,-115,u7.5,02:08 AM,04/12/2026,04/12/2026,7,Loss,Win
Tarik Skubal(P),"DET
vs.
MIA",Hard Rock,,-115,o7.5,,-115,u7.5,05:58 AM,04/12/2026,04/12/2026,7,Loss,Win
Tarik Skubal(P),"DET
vs.
MIA",Hard Rock,,-120,o7.5,,-110,u7.5,04:46 AM,04/12/2026,04/12/2026,7,Loss,Win
Tarik Skubal(P),"DET
vs.
MIA",Hard Rock,,-115,o7.5,,-115,u7.5,04:05 AM,04/12/2026,04/12/2026,7,Loss,Win
Tarik Skubal(P),"DET
vs.
MIA",Hard Rock,,-120,o7.5,,-110,u7.5,03:14 AM,04/12/2026,04/12/2026,7,Loss,Win
Tarik Skubal(P),"DET
vs.
MIA",Hard Rock,,-115,o7.5,,-115,u7.5,02:08 AM,04/12/2026,04/12/2026,7,Loss,Win
Sandy Alcantara(P),"MIA
@
DET",FanDuel,-43.02%,+104,o5.5,+24.29%,-138,u5.5,06:09 AM,04/12/2026,04/12/2026,4,Loss,Win
Sandy Alcantara(P),"MIA
@
DET",FanDuel,-43.02%,+108,o5.5,+24.29%,-144,u5.5,05:56 AM,04/12/2026,04/12/2026,4,Loss,Win
Sandy Alcantara(P),"MIA
@
DET",FanDuel,-43.02%,+106,o5.5,+24.29%,-140,u5.5,04:43 AM,04/12/2026,04/12/2026,4,Loss,Win
Sandy Alcantara(P),"MIA
@
DET",FanDuel,-43.02%,+108,o5.5,+24.29%,-144,u5.5,04:12 AM,04/12/2026,04/12/2026,4,Loss,Win
Sandy Alcantara(P),"MIA
@
DET",FanDuel,-43.02%,+106,o5.5,+24.29%,-140,u5.5,03:35 AM,04/12/2026,04/12/2026,4,Loss,Win
Sandy Alcantara(P),"MIA
@
DET",FanDuel,-43.02%,-102,o5.5,+24.29%,-130,u5.5,01:45 AM,04/12/2026,04/12/2026,4,Loss,Win
Sandy Alcantara(P),"MIA
@
DET",DraftKings,-37.43%,+124,o5.5,+17.39%,-159,u5.5,05:52 AM,04/12/2026,04/12/2026,4,Loss,Win
Sandy Alcantara(P),"MIA
@
DET",DraftKings,-37.43%,-161,o4.5,+17.39%,+126,u4.5,04:02 AM,04/12/2026,04/12/2026,4,Loss,Win
Sandy Alcantara(P),"MIA
@
DET",DraftKings,-37.43%,+122,o5.5,+17.39%,-156,u5.5,03:35 AM,04/12/2026,04/12/2026,4,Loss,Win
Sandy Alcantara(P),"MIA
@
DET",DraftKings,-37.43%,+101,o5.5,+17.39%,-129,u5.5,02:46 AM,04/12/2026,04/12/2026,4,Loss,Win
Sandy Alcantara(P),"MIA
@
DET",DraftKings,-37.43%,+105,o5.5,+17.39%,-133,u5.5,02:37 AM,04/12/2026,04/12/2026,4,Loss,Win
Sandy Alcantara(P),"MIA
@
DET",DraftKings,-37.43%,+100,o5.5,+17.39%,-128,u5.5,02:35 AM,04/12/2026,04/12/2026,4,Loss,Win
Sandy Alcantara(P),"MIA
@
DET",Sharp Book,,+124,o5.5,,-159,u5.5,05:52 AM,04/12/2026,04/12/2026,4,Loss,Win
Sandy Alcantara(P),"MIA
@
DET",Sharp Book,,-161,o4.5,,+126,u4.5,04:02 AM,04/12/2026,04/12/2026,4,Loss,Win
Sandy Alcantara(P),"MIA
@
DET",Sharp Book,,+122,o5.5,,-156,u5.5,03:35 AM,04/12/2026,04/12/2026,4,Loss,Win
Sandy Alcantara(P),"MIA
@
DET",Sharp Book,,+101,o5.5,,-129,u5.5,02:46 AM,04/12/2026,04/12/2026,4,Loss,Win
Sandy Alcantara(P),"MIA
@
DET",Sharp Book,,+105,o5.5,,-133,u5.5,02:37 AM,04/12/2026,04/12/2026,4,Loss,Win
Sandy Alcantara(P),"MIA
@
DET",Sharp Book,,+100,o5.5,,-128,u5.5,02:35 AM,04/12/2026,04/12/2026,4,Loss,Win
Sandy Alcantara(P),"MIA
@
DET",Caesars,,+124,o5.5,,-159,u5.5,05:52 AM,04/12/2026,04/12/2026,4,Loss,Win
Sandy Alcantara(P),"MIA
@
DET",Caesars,,-161,o4.5,,+126,u4.5,04:02 AM,04/12/2026,04/12/2026,4,Loss,Win
Sandy Alcantara(P),"MIA
@
DET",Caesars,,+122,o5.5,,-156,u5.5,03:35 AM,04/12/2026,04/12/2026,4,Loss,Win
Sandy Alcantara(P),"MIA
@
DET",Caesars,,+101,o5.5,,-129,u5.5,02:46 AM,04/12/2026,04/12/2026,4,Loss,Win
Sandy Alcantara(P),"MIA
@
DET",Caesars,,+105,o5.5,,-133,u5.5,02:37 AM,04/12/2026,04/12/2026,4,Loss,Win
Sandy Alcantara(P),"MIA
@
DET",Caesars,,+100,o5.5,,-128,u5.5,02:35 AM,04/12/2026,04/12/2026,4,Loss,Win
Sandy Alcantara(P),"MIA
@
DET",BetMGM,,+124,o5.5,,-159,u5.5,05:52 AM,04/12/2026,04/12/2026,4,Loss,Win
Sandy Alcantara(P),"MIA
@
DET",BetMGM,,-161,o4.5,,+126,u4.5,04:02 AM,04/12/2026,04/12/2026,4,Loss,Win
Sandy Alcantara(P),"MIA
@
DET",BetMGM,,+122,o5.5,,-156,u5.5,03:35 AM,04/12/2026,04/12/2026,4,Loss,Win
Sandy Alcantara(P),"MIA
@
DET",BetMGM,,+101,o5.5,,-129,u5.5,02:46 AM,04/12/2026,04/12/2026,4,Loss,Win
Sandy Alcantara(P),"MIA
@
DET",BetMGM,,+105,o5.5,,-133,u5.5,02:37 AM,04/12/2026,04/12/2026,4,Loss,Win
Sandy Alcantara(P),"MIA
@
DET",BetMGM,,+100,o5.5,,-128,u5.5,02:35 AM,04/12/2026,04/12/2026,4,Loss,Win
Sandy Alcantara(P),"MIA
@
DET",ESPN Bet,,+124,o5.5,,-159,u5.5,05:52 AM,04/12/2026,04/12/2026,4,Loss,Win
Sandy Alcantara(P),"MIA
@
DET",ESPN Bet,,-161,o4.5,,+126,u4.5,04:02 AM,04/12/2026,04/12/2026,4,Loss,Win
Sandy Alcantara(P),"MIA
@
DET",ESPN Bet,,+122,o5.5,,-156,u5.5,03:35 AM,04/12/2026,04/12/2026,4,Loss,Win
Sandy Alcantara(P),"MIA
@
DET",ESPN Bet,,+101,o5.5,,-129,u5.5,02:46 AM,04/12/2026,04/12/2026,4,Loss,Win
Sandy Alcantara(P),"MIA
@
DET",ESPN Bet,,+105,o5.5,,-133,u5.5,02:37 AM,04/12/2026,04/12/2026,4,Loss,Win
Sandy Alcantara(P),"MIA
@
DET",ESPN Bet,,+100,o5.5,,-128,u5.5,02:35 AM,04/12/2026,04/12/2026,4,Loss,Win
Sandy Alcantara(P),"MIA
@
DET",Bookmaker,-35.75%,+130,o5.5,+16.28%,-163,u5.5,05:56 AM,04/12/2026,04/12/2026,4,Loss,Win
Sandy Alcantara(P),"MIA
@
DET",Bovada,-39.94%,+115,o5.5,+20.43%,-149,u5.5,06:12 AM,04/12/2026,04/12/2026,4,Loss,Win
Sandy Alcantara(P),"MIA
@
DET",Bovada,-39.94%,+117,o5.5,+20.43%,-152,u5.5,05:59 AM,04/12/2026,04/12/2026,4,Loss,Win
Sandy Alcantara(P),"MIA
@
DET",Bovada,-39.94%,+115,o5.5,+20.43%,-149,u5.5,05:55 AM,04/12/2026,04/12/2026,4,Loss,Win
Sandy Alcantara(P),"MIA
@
DET",Bovada,-39.94%,-164,o4.5,+20.43%,+126,u4.5,04:04 AM,04/12/2026,04/12/2026,4,Loss,Win
Sandy Alcantara(P),"MIA
@
DET",Bovada,-39.94%,+115,o5.5,+20.43%,-149,u5.5,04:03 AM,04/12/2026,04/12/2026,4,Loss,Win
Sandy Alcantara(P),"MIA
@
DET",Bovada,-39.94%,+115,o5.5,+20.43%,-149,u5.5,03:58 AM,04/12/2026,04/12/2026,4,Loss,Win
Sandy Alcantara(P),"MIA
@
DET",Bovada,-39.94%,+115,o5.5,+20.43%,-149,u5.5,03:53 AM,04/12/2026,04/12/2026,4,Loss,Win
Sandy Alcantara(P),"MIA
@
DET",BetRivers,,+115,o5.5,,-149,u5.5,06:12 AM,04/12/2026,04/12/2026,4,Loss,Win
Sandy Alcantara(P),"MIA
@
DET",BetRivers,,+117,o5.5,,-152,u5.5,05:59 AM,04/12/2026,04/12/2026,4,Loss,Win
Sandy Alcantara(P),"MIA
@
DET",BetRivers,,+115,o5.5,,-149,u5.5,05:55 AM,04/12/2026,04/12/2026,4,Loss,Win
Sandy Alcantara(P),"MIA
@
DET",BetRivers,,-164,o4.5,,+126,u4.5,04:04 AM,04/12/2026,04/12/2026,4,Loss,Win
Sandy Alcantara(P),"MIA
@
DET",BetRivers,,+115,o5.5,,-149,u5.5,04:03 AM,04/12/2026,04/12/2026,4,Loss,Win
Sandy Alcantara(P),"MIA
@
DET",BetRivers,,+115,o5.5,,-149,u5.5,03:58 AM,04/12/2026,04/12/2026,4,Loss,Win
Sandy Alcantara(P),"MIA
@
DET",BetRivers,,+115,o5.5,,-149,u5.5,03:53 AM,04/12/2026,04/12/2026,4,Loss,Win
Sandy Alcantara(P),"MIA
@
DET",Fanatics,,+115,o5.5,,-149,u5.5,06:12 AM,04/12/2026,04/12/2026,4,Loss,Win
Sandy Alcantara(P),"MIA
@
DET",Fanatics,,+117,o5.5,,-152,u5.5,05:59 AM,04/12/2026,04/12/2026,4,Loss,Win
Sandy Alcantara(P),"MIA
@
DET",Fanatics,,+115,o5.5,,-149,u5.5,05:55 AM,04/12/2026,04/12/2026,4,Loss,Win
Sandy Alcantara(P),"MIA
@
DET",Fanatics,,-164,o4.5,,+126,u4.5,04:04 AM,04/12/2026,04/12/2026,4,Loss,Win
Sandy Alcantara(P),"MIA
@
DET",Fanatics,,+115,o5.5,,-149,u5.5,04:03 AM,04/12/2026,04/12/2026,4,Loss,Win
Sandy Alcantara(P),"MIA
@
DET",Fanatics,,+115,o5.5,,-149,u5.5,03:58 AM,04/12/2026,04/12/2026,4,Loss,Win
Sandy Alcantara(P),"MIA
@
DET",Fanatics,,+115,o5.5,,-149,u5.5,03:53 AM,04/12/2026,04/12/2026,4,Loss,Win
Sandy Alcantara(P),"MIA
@
DET",Hard Rock,-39.94%,+115,o5.5,+20.11%,-150,u5.5,06:03 AM,04/12/2026,04/12/2026,4,Loss,Win
Aaron Civale(P),"OAK
@
NYM",FanDuel,+6.00%,+112,o4.5,-16.22%,-148,u4.5,05:02 AM,04/12/2026,04/12/2026,3,Loss,Win
Aaron Civale(P),"OAK
@
NYM",FanDuel,+6.00%,+116,o4.5,-16.22%,-154,u4.5,04:10 AM,04/12/2026,04/12/2026,3,Loss,Win
Aaron Civale(P),"OAK
@
NYM",FanDuel,+6.00%,+116,o4.5,-16.22%,-152,u4.5,04:10 AM,04/12/2026,04/12/2026,3,Loss,Win
Aaron Civale(P),"OAK
@
NYM",FanDuel,+6.00%,+116,o4.5,-16.22%,-154,u4.5,04:10 AM,04/12/2026,04/12/2026,3,Loss,Win
Aaron Civale(P),"OAK
@
NYM",FanDuel,+6.00%,+114,o4.5,-16.22%,-152,u4.5,04:09 AM,04/12/2026,04/12/2026,3,Loss,Win
Aaron Civale(P),"OAK
@
NYM",FanDuel,+6.00%,+112,o4.5,-16.22%,-148,u4.5,03:46 AM,04/12/2026,04/12/2026,3,Loss,Win
Aaron Civale(P),"OAK
@
NYM",FanDuel,+6.00%,+114,o4.5,-16.22%,-152,u4.5,03:44 AM,04/12/2026,04/12/2026,3,Loss,Win
Aaron Civale(P),"OAK
@
NYM",FanDuel,+6.00%,+112,o4.5,-16.22%,-148,u4.5,03:40 AM,04/12/2026,04/12/2026,3,Loss,Win
Aaron Civale(P),"OAK
@
NYM",FanDuel,+6.00%,+114,o4.5,-16.22%,-152,u4.5,03:30 AM,04/12/2026,04/12/2026,3,Loss,Win
Aaron Civale(P),"OAK
@
NYM",FanDuel,+6.00%,+112,o4.5,-16.22%,-148,u4.5,03:17 AM,04/12/2026,04/12/2026,3,Loss,Win
Aaron Civale(P),"OAK
@
NYM",FanDuel,+6.00%,+104,o4.5,-16.22%,-138,u4.5,03:16 AM,04/12/2026,04/12/2026,3,Loss,Win
Aaron Civale(P),"OAK
@
NYM",DraftKings,+9.00%,+118,o4.5,-16.67%,-150,u4.5,02:34 AM,04/12/2026,04/12/2026,3,Loss,Win
Aaron Civale(P),"OAK
@
NYM",DraftKings,+9.00%,-168,o3.5,-16.67%,+131,u3.5,02:30 AM,04/12/2026,04/12/2026,3,Loss,Win
Aaron Civale(P),"OAK
@
NYM",DraftKings,+9.00%,-168,o3.5,-16.67%,+131,u3.5,02:30 AM,04/12/2026,04/12/2026,3,Loss,Win
Aaron Civale(P),"OAK
@
NYM",DraftKings,+9.00%,-168,o3.5,-16.67%,+131,u3.5,02:24 AM,04/12/2026,04/12/2026,3,Loss,Win
Aaron Civale(P),"OAK
@
NYM",Sharp Book,,+118,o4.5,,-150,u4.5,02:34 AM,04/12/2026,04/12/2026,3,Loss,Win
Aaron Civale(P),"OAK
@
NYM",Sharp Book,,-168,o3.5,,+131,u3.5,02:30 AM,04/12/2026,04/12/2026,3,Loss,Win
Aaron Civale(P),"OAK
@
NYM",Sharp Book,,-168,o3.5,,+131,u3.5,02:30 AM,04/12/2026,04/12/2026,3,Loss,Win
Aaron Civale(P),"OAK
@
NYM",Sharp Book,,-168,o3.5,,+131,u3.5,02:24 AM,04/12/2026,04/12/2026,3,Loss,Win
Aaron Civale(P),"OAK
@
NYM",Caesars,,+118,o4.5,,-150,u4.5,02:34 AM,04/12/2026,04/12/2026,3,Loss,Win
Aaron Civale(P),"OAK
@
NYM",Caesars,,-168,o3.5,,+131,u3.5,02:30 AM,04/12/2026,04/12/2026,3,Loss,Win
Aaron Civale(P),"OAK
@
NYM",Caesars,,-168,o3.5,,+131,u3.5,02:30 AM,04/12/2026,04/12/2026,3,Loss,Win
Aaron Civale(P),"OAK
@
NYM",Caesars,,-168,o3.5,,+131,u3.5,02:24 AM,04/12/2026,04/12/2026,3,Loss,Win
Aaron Civale(P),"OAK
@
NYM",BetMGM,,+118,o4.5,,-150,u4.5,02:34 AM,04/12/2026,04/12/2026,3,Loss,Win
Aaron Civale(P),"OAK
@
NYM",BetMGM,,-168,o3.5,,+131,u3.5,02:30 AM,04/12/2026,04/12/2026,3,Loss,Win
Aaron Civale(P),"OAK
@
NYM",BetMGM,,-168,o3.5,,+131,u3.5,02:30 AM,04/12/2026,04/12/2026,3,Loss,Win
Aaron Civale(P),"OAK
@
NYM",BetMGM,,-168,o3.5,,+131,u3.5,02:24 AM,04/12/2026,04/12/2026,3,Loss,Win
Aaron Civale(P),"OAK
@
NYM",ESPN Bet,,+118,o4.5,,-150,u4.5,02:34 AM,04/12/2026,04/12/2026,3,Loss,Win
Aaron Civale(P),"OAK
@
NYM",ESPN Bet,,-168,o3.5,,+131,u3.5,02:30 AM,04/12/2026,04/12/2026,3,Loss,Win
Aaron Civale(P),"OAK
@
NYM",ESPN Bet,,-168,o3.5,,+131,u3.5,02:30 AM,04/12/2026,04/12/2026,3,Loss,Win
Aaron Civale(P),"OAK
@
NYM",ESPN Bet,,-168,o3.5,,+131,u3.5,02:24 AM,04/12/2026,04/12/2026,3,Loss,Win
Aaron Civale(P),"OAK
@
NYM",Bookmaker,,+118,o4.5,,-150,u4.5,02:34 AM,04/12/2026,04/12/2026,3,Loss,Win
Aaron Civale(P),"OAK
@
NYM",Bookmaker,,-168,o3.5,,+131,u3.5,02:30 AM,04/12/2026,04/12/2026,3,Loss,Win
Aaron Civale(P),"OAK
@
NYM",Bookmaker,,-168,o3.5,,+131,u3.5,02:30 AM,04/12/2026,04/12/2026,3,Loss,Win
Aaron Civale(P),"OAK
@
NYM",Bookmaker,,-168,o3.5,,+131,u3.5,02:24 AM,04/12/2026,04/12/2026,3,Loss,Win
Aaron Civale(P),"OAK
@
NYM",Bovada,+7.50%,+115,o4.5,-16.44%,-149,u4.5,05:06 AM,04/12/2026,04/12/2026,3,Loss,Win
Aaron Civale(P),"OAK
@
NYM",Bovada,+7.50%,+117,o4.5,-16.44%,-152,u4.5,04:58 AM,04/12/2026,04/12/2026,3,Loss,Win
Aaron Civale(P),"OAK
@
NYM",BetRivers,,+115,o4.5,,-149,u4.5,05:06 AM,04/12/2026,04/12/2026,3,Loss,Win
Aaron Civale(P),"OAK
@
NYM",BetRivers,,+117,o4.5,,-152,u4.5,04:58 AM,04/12/2026,04/12/2026,3,Loss,Win
Aaron Civale(P),"OAK
@
NYM",Fanatics,,+115,o4.5,,-149,u4.5,05:06 AM,04/12/2026,04/12/2026,3,Loss,Win
Aaron Civale(P),"OAK
@
NYM",Fanatics,,+117,o4.5,,-152,u4.5,04:58 AM,04/12/2026,04/12/2026,3,Loss,Win
Aaron Civale(P),"OAK
@
NYM",Hard Rock,+7.50%,+115,o4.5,-16.67%,-150,u4.5,05:03 AM,04/12/2026,04/12/2026,3,Loss,Win
Aaron Civale(P),"OAK
@
NYM",Hard Rock,+7.50%,+120,o4.5,-16.67%,-155,u4.5,03:51 AM,04/12/2026,04/12/2026,3,Loss,Win
Aaron Civale(P),"OAK
@
NYM",Hard Rock,+7.50%,+120,o4.5,-16.67%,-160,u4.5,03:00 AM,04/12/2026,04/12/2026,3,Loss,Win
Freddy Peralta(P),"NYM
vs.
OAK",FanDuel,+9.98%,-138,o6.5,-26.09%,+104,u6.5,06:16 AM,04/12/2026,04/12/2026,6,Loss,Win
Freddy Peralta(P),"NYM
vs.
OAK",FanDuel,+9.98%,-136,o6.5,-26.09%,+102,u6.5,05:46 AM,04/12/2026,04/12/2026,6,Loss,Win
Freddy Peralta(P),"NYM
vs.
OAK",FanDuel,+9.98%,-138,o6.5,-26.09%,+104,u6.5,05:03 AM,04/12/2026,04/12/2026,6,Loss,Win
Freddy Peralta(P),"NYM
vs.
OAK",FanDuel,+9.98%,-136,o6.5,-26.09%,+102,u6.5,05:02 AM,04/12/2026,04/12/2026,6,Loss,Win
Freddy Peralta(P),"NYM
vs.
OAK",FanDuel,+9.98%,-148,o6.5,-26.09%,+112,u6.5,05:02 AM,04/12/2026,04/12/2026,6,Loss,Win
Freddy Peralta(P),"NYM
vs.
OAK",FanDuel,+9.98%,-118,o6.5,-26.09%,-112,u6.5,04:10 AM,04/12/2026,04/12/2026,6,Loss,Win
Freddy Peralta(P),"NYM
vs.
OAK",FanDuel,+9.98%,-120,o6.5,-26.09%,-110,u6.5,04:10 AM,04/12/2026,04/12/2026,6,Loss,Win
Freddy Peralta(P),"NYM
vs.
OAK",FanDuel,+9.98%,-125,o6.5,-26.09%,-106,u6.5,04:09 AM,04/12/2026,04/12/2026,6,Loss,Win
Freddy Peralta(P),"NYM
vs.
OAK",FanDuel,+9.98%,-128,o6.5,-26.09%,-104,u6.5,03:37 AM,04/12/2026,04/12/2026,6,Loss,Win
Freddy Peralta(P),"NYM
vs.
OAK",FanDuel,+9.98%,-125,o6.5,-26.09%,-106,u6.5,03:34 AM,04/12/2026,04/12/2026,6,Loss,Win
Freddy Peralta(P),"NYM
vs.
OAK",FanDuel,+9.98%,-128,o6.5,-26.09%,-104,u6.5,03:30 AM,04/12/2026,04/12/2026,6,Loss,Win
Freddy Peralta(P),"NYM
vs.
OAK",FanDuel,+9.98%,-128,o6.5,-26.09%,-102,u6.5,03:19 AM,04/12/2026,04/12/2026,6,Loss,Win
Freddy Peralta(P),"NYM
vs.
OAK",FanDuel,+9.98%,-128,o6.5,-26.09%,-104,u6.5,03:16 AM,04/12/2026,04/12/2026,6,Loss,Win
Freddy Peralta(P),"NYM
vs.
OAK",DraftKings,+7.15%,-147,o6.5,-22.1%,+115,u6.5,03:40 AM,04/12/2026,04/12/2026,6,Loss,Win
Freddy Peralta(P),"NYM
vs.
OAK",DraftKings,+7.15%,-140,o6.5,-22.1%,+109,u6.5,02:30 AM,04/12/2026,04/12/2026,6,Loss,Win
Freddy Peralta(P),"NYM
vs.
OAK",DraftKings,+7.15%,-140,o6.5,-22.1%,+109,u6.5,02:30 AM,04/12/2026,04/12/2026,6,Loss,Win
Freddy Peralta(P),"NYM
vs.
OAK",DraftKings,+7.15%,-140,o6.5,-22.1%,+109,u6.5,02:24 AM,04/12/2026,04/12/2026,6,Loss,Win
Freddy Peralta(P),"NYM
vs.
OAK",Sharp Book,,-147,o6.5,,+115,u6.5,03:40 AM,04/12/2026,04/12/2026,6,Loss,Win
Freddy Peralta(P),"NYM
vs.
OAK",Sharp Book,,-140,o6.5,,+109,u6.5,02:30 AM,04/12/2026,04/12/2026,6,Loss,Win
Freddy Peralta(P),"NYM
vs.
OAK",Sharp Book,,-140,o6.5,,+109,u6.5,02:30 AM,04/12/2026,04/12/2026,6,Loss,Win
Freddy Peralta(P),"NYM
vs.
OAK",Sharp Book,,-140,o6.5,,+109,u6.5,02:24 AM,04/12/2026,04/12/2026,6,Loss,Win
Freddy Peralta(P),"NYM
vs.
OAK",Caesars,,-147,o6.5,,+115,u6.5,03:40 AM,04/12/2026,04/12/2026,6,Loss,Win
Freddy Peralta(P),"NYM
vs.
OAK",Caesars,,-140,o6.5,,+109,u6.5,02:30 AM,04/12/2026,04/12/2026,6,Loss,Win
Freddy Peralta(P),"NYM
vs.
OAK",Caesars,,-140,o6.5,,+109,u6.5,02:30 AM,04/12/2026,04/12/2026,6,Loss,Win
Freddy Peralta(P),"NYM
vs.
OAK",Caesars,,-140,o6.5,,+109,u6.5,02:24 AM,04/12/2026,04/12/2026,6,Loss,Win
Freddy Peralta(P),"NYM
vs.
OAK",BetMGM,,-147,o6.5,,+115,u6.5,03:40 AM,04/12/2026,04/12/2026,6,Loss,Win
Freddy Peralta(P),"NYM
vs.
OAK",BetMGM,,-140,o6.5,,+109,u6.5,02:30 AM,04/12/2026,04/12/2026,6,Loss,Win
Freddy Peralta(P),"NYM
vs.
OAK",BetMGM,,-140,o6.5,,+109,u6.5,02:30 AM,04/12/2026,04/12/2026,6,Loss,Win
Freddy Peralta(P),"NYM
vs.
OAK",BetMGM,,-140,o6.5,,+109,u6.5,02:24 AM,04/12/2026,04/12/2026,6,Loss,Win
Freddy Peralta(P),"NYM
vs.
OAK",ESPN Bet,,-147,o6.5,,+115,u6.5,03:40 AM,04/12/2026,04/12/2026,6,Loss,Win
Freddy Peralta(P),"NYM
vs.
OAK",ESPN Bet,,-140,o6.5,,+109,u6.5,02:30 AM,04/12/2026,04/12/2026,6,Loss,Win
Freddy Peralta(P),"NYM
vs.
OAK",ESPN Bet,,-140,o6.5,,+109,u6.5,02:30 AM,04/12/2026,04/12/2026,6,Loss,Win
Freddy Peralta(P),"NYM
vs.
OAK",ESPN Bet,,-140,o6.5,,+109,u6.5,02:24 AM,04/12/2026,04/12/2026,6,Loss,Win
Freddy Peralta(P),"NYM
vs.
OAK",Bookmaker,,-147,o6.5,,+115,u6.5,03:40 AM,04/12/2026,04/12/2026,6,Loss,Win
Freddy Peralta(P),"NYM
vs.
OAK",Bookmaker,,-140,o6.5,,+109,u6.5,02:30 AM,04/12/2026,04/12/2026,6,Loss,Win
Freddy Peralta(P),"NYM
vs.
OAK",Bookmaker,,-140,o6.5,,+109,u6.5,02:30 AM,04/12/2026,04/12/2026,6,Loss,Win
Freddy Peralta(P),"NYM
vs.
OAK",Bookmaker,,-140,o6.5,,+109,u6.5,02:24 AM,04/12/2026,04/12/2026,6,Loss,Win
Freddy Peralta(P),"NYM
vs.
OAK",Bovada,+8.99%,-141,o6.5,-24.28%,+109,u6.5,06:18 AM,04/12/2026,04/12/2026,6,Loss,Win
Freddy Peralta(P),"NYM
vs.
OAK",Bovada,+8.99%,-141,o6.5,-24.28%,+108,u6.5,05:49 AM,04/12/2026,04/12/2026,6,Loss,Win
Freddy Peralta(P),"NYM
vs.
OAK",Bovada,+8.99%,-141,o6.5,-24.28%,+109,u6.5,05:06 AM,04/12/2026,04/12/2026,6,Loss,Win
Freddy Peralta(P),"NYM
vs.
OAK",Bovada,+8.99%,-132,o6.5,-24.28%,+102,u6.5,04:58 AM,04/12/2026,04/12/2026,6,Loss,Win
Freddy Peralta(P),"NYM
vs.
OAK",BetRivers,,-141,o6.5,,+109,u6.5,06:18 AM,04/12/2026,04/12/2026,6,Loss,Win
Freddy Peralta(P),"NYM
vs.
OAK",BetRivers,,-141,o6.5,,+108,u6.5,05:49 AM,04/12/2026,04/12/2026,6,Loss,Win
Freddy Peralta(P),"NYM
vs.
OAK",BetRivers,,-141,o6.5,,+109,u6.5,05:06 AM,04/12/2026,04/12/2026,6,Loss,Win
Freddy Peralta(P),"NYM
vs.
OAK",BetRivers,,-132,o6.5,,+102,u6.5,04:58 AM,04/12/2026,04/12/2026,6,Loss,Win
Freddy Peralta(P),"NYM
vs.
OAK",Fanatics,,-141,o6.5,,+109,u6.5,06:18 AM,04/12/2026,04/12/2026,6,Loss,Win
Freddy Peralta(P),"NYM
vs.
OAK",Fanatics,,-141,o6.5,,+108,u6.5,05:49 AM,04/12/2026,04/12/2026,6,Loss,Win
Freddy Peralta(P),"NYM
vs.
OAK",Fanatics,,-141,o6.5,,+109,u6.5,05:06 AM,04/12/2026,04/12/2026,6,Loss,Win
Freddy Peralta(P),"NYM
vs.
OAK",Fanatics,,-132,o6.5,,+102,u6.5,04:58 AM,04/12/2026,04/12/2026,6,Loss,Win
Freddy Peralta(P),"NYM
vs.
OAK",Hard Rock,+9.32%,-140,o6.5,-25.72%,+105,u6.5,05:15 AM,04/12/2026,04/12/2026,6,Loss,Win
Freddy Peralta(P),"NYM
vs.
OAK",Hard Rock,+9.32%,-135,o6.5,-25.72%,+105,u6.5,05:03 AM,04/12/2026,04/12/2026,6,Loss,Win
Freddy Peralta(P),"NYM
vs.
OAK",Hard Rock,+9.32%,-130,o6.5,-25.72%,+100,u6.5,03:12 AM,04/12/2026,04/12/2026,6,Loss,Win
Freddy Peralta(P),"NYM
vs.
OAK",Hard Rock,+9.32%,-140,o6.5,-25.72%,+110,u6.5,03:07 AM,04/12/2026,04/12/2026,6,Loss,Win
Freddy Peralta(P),"NYM
vs.
OAK",Hard Rock,+9.32%,-135,o6.5,-25.72%,+105,u6.5,02:53 AM,04/12/2026,04/12/2026,6,Loss,Win
Drew Rasmussen(P),"TB
vs.
NYY",FanDuel,,-140,o6.5,,+105,u6.5,05:15 AM,04/12/2026,04/12/2026,7,Win,Loss
Drew Rasmussen(P),"TB
vs.
NYY",FanDuel,,-135,o6.5,,+105,u6.5,05:03 AM,04/12/2026,04/12/2026,7,Win,Loss
Drew Rasmussen(P),"TB
vs.
NYY",FanDuel,,-130,o6.5,,+100,u6.5,03:12 AM,04/12/2026,04/12/2026,7,Win,Loss
Drew Rasmussen(P),"TB
vs.
NYY",FanDuel,,-140,o6.5,,+110,u6.5,03:07 AM,04/12/2026,04/12/2026,7,Win,Loss
Drew Rasmussen(P),"TB
vs.
NYY",FanDuel,,-135,o6.5,,+105,u6.5,02:53 AM,04/12/2026,04/12/2026,7,Win,Loss
Drew Rasmussen(P),"TB
vs.
NYY",DraftKings,+3.44%,-146,o4.5,-17.37%,+114,u4.5,05:15 AM,04/12/2026,04/12/2026,7,Win,Loss
Drew Rasmussen(P),"TB
vs.
NYY",DraftKings,+3.44%,-128,o4.5,-17.37%,+101,u4.5,04:10 AM,04/12/2026,04/12/2026,7,Win,Loss
Drew Rasmussen(P),"TB
vs.
NYY",DraftKings,+3.44%,-124,o4.5,-17.37%,-103,u4.5,04:01 AM,04/12/2026,04/12/2026,7,Win,Loss
Drew Rasmussen(P),"TB
vs.
NYY",DraftKings,+3.44%,-139,o4.5,-17.37%,+109,u4.5,03:20 AM,04/12/2026,04/12/2026,7,Win,Loss
Drew Rasmussen(P),"TB
vs.
NYY",Sharp Book,,-146,o4.5,,+114,u4.5,05:15 AM,04/12/2026,04/12/2026,7,Win,Loss
Drew Rasmussen(P),"TB
vs.
NYY",Sharp Book,,-128,o4.5,,+101,u4.5,04:10 AM,04/12/2026,04/12/2026,7,Win,Loss
Drew Rasmussen(P),"TB
vs.
NYY",Sharp Book,,-124,o4.5,,-103,u4.5,04:01 AM,04/12/2026,04/12/2026,7,Win,Loss
Drew Rasmussen(P),"TB
vs.
NYY",Sharp Book,,-139,o4.5,,+109,u4.5,03:20 AM,04/12/2026,04/12/2026,7,Win,Loss
Drew Rasmussen(P),"TB
vs.
NYY",Caesars,,-146,o4.5,,+114,u4.5,05:15 AM,04/12/2026,04/12/2026,7,Win,Loss
Drew Rasmussen(P),"TB
vs.
NYY",Caesars,,-128,o4.5,,+101,u4.5,04:10 AM,04/12/2026,04/12/2026,7,Win,Loss
Drew Rasmussen(P),"TB
vs.
NYY",Caesars,,-124,o4.5,,-103,u4.5,04:01 AM,04/12/2026,04/12/2026,7,Win,Loss
Drew Rasmussen(P),"TB
vs.
NYY",Caesars,,-139,o4.5,,+109,u4.5,03:20 AM,04/12/2026,04/12/2026,7,Win,Loss
Drew Rasmussen(P),"TB
vs.
NYY",BetMGM,,-146,o4.5,,+114,u4.5,05:15 AM,04/12/2026,04/12/2026,7,Win,Loss
Drew Rasmussen(P),"TB
vs.
NYY",BetMGM,,-128,o4.5,,+101,u4.5,04:10 AM,04/12/2026,04/12/2026,7,Win,Loss
Drew Rasmussen(P),"TB
vs.
NYY",BetMGM,,-124,o4.5,,-103,u4.5,04:01 AM,04/12/2026,04/12/2026,7,Win,Loss
Drew Rasmussen(P),"TB
vs.
NYY",BetMGM,,-139,o4.5,,+109,u4.5,03:20 AM,04/12/2026,04/12/2026,7,Win,Loss
Drew Rasmussen(P),"TB
vs.
NYY",ESPN Bet,,-146,o4.5,,+114,u4.5,05:15 AM,04/12/2026,04/12/2026,7,Win,Loss
Drew Rasmussen(P),"TB
vs.
NYY",ESPN Bet,,-128,o4.5,,+101,u4.5,04:10 AM,04/12/2026,04/12/2026,7,Win,Loss
Drew Rasmussen(P),"TB
vs.
NYY",ESPN Bet,,-124,o4.5,,-103,u4.5,04:01 AM,04/12/2026,04/12/2026,7,Win,Loss
Drew Rasmussen(P),"TB
vs.
NYY",ESPN Bet,,-139,o4.5,,+109,u4.5,03:20 AM,04/12/2026,04/12/2026,7,Win,Loss
Drew Rasmussen(P),"TB
vs.
NYY",Bookmaker,,-146,o4.5,,+114,u4.5,05:15 AM,04/12/2026,04/12/2026,7,Win,Loss
Drew Rasmussen(P),"TB
vs.
NYY",Bookmaker,,-128,o4.5,,+101,u4.5,04:10 AM,04/12/2026,04/12/2026,7,Win,Loss
Drew Rasmussen(P),"TB
vs.
NYY",Bookmaker,,-124,o4.5,,-103,u4.5,04:01 AM,04/12/2026,04/12/2026,7,Win,Loss
Drew Rasmussen(P),"TB
vs.
NYY",Bookmaker,,-139,o4.5,,+109,u4.5,03:20 AM,04/12/2026,04/12/2026,7,Win,Loss
Drew Rasmussen(P),"TB
vs.
NYY",Bovada,,-146,o4.5,,+114,u4.5,05:15 AM,04/12/2026,04/12/2026,7,Win,Loss
Drew Rasmussen(P),"TB
vs.
NYY",Bovada,,-128,o4.5,,+101,u4.5,04:10 AM,04/12/2026,04/12/2026,7,Win,Loss
Drew Rasmussen(P),"TB
vs.
NYY",Bovada,,-124,o4.5,,-103,u4.5,04:01 AM,04/12/2026,04/12/2026,7,Win,Loss
Drew Rasmussen(P),"TB
vs.
NYY",Bovada,,-139,o4.5,,+109,u4.5,03:20 AM,04/12/2026,04/12/2026,7,Win,Loss
Drew Rasmussen(P),"TB
vs.
NYY",BetRivers,,-146,o4.5,,+114,u4.5,05:15 AM,04/12/2026,04/12/2026,7,Win,Loss
Drew Rasmussen(P),"TB
vs.
NYY",BetRivers,,-128,o4.5,,+101,u4.5,04:10 AM,04/12/2026,04/12/2026,7,Win,Loss
Drew Rasmussen(P),"TB
vs.
NYY",BetRivers,,-124,o4.5,,-103,u4.5,04:01 AM,04/12/2026,04/12/2026,7,Win,Loss
Drew Rasmussen(P),"TB
vs.
NYY",BetRivers,,-139,o4.5,,+109,u4.5,03:20 AM,04/12/2026,04/12/2026,7,Win,Loss
Drew Rasmussen(P),"TB
vs.
NYY",Fanatics,,-146,o4.5,,+114,u4.5,05:15 AM,04/12/2026,04/12/2026,7,Win,Loss
Drew Rasmussen(P),"TB
vs.
NYY",Fanatics,,-128,o4.5,,+101,u4.5,04:10 AM,04/12/2026,04/12/2026,7,Win,Loss
Drew Rasmussen(P),"TB
vs.
NYY",Fanatics,,-124,o4.5,,-103,u4.5,04:01 AM,04/12/2026,04/12/2026,7,Win,Loss
Drew Rasmussen(P),"TB
vs.
NYY",Fanatics,,-139,o4.5,,+109,u4.5,03:20 AM,04/12/2026,04/12/2026,7,Win,Loss
Drew Rasmussen(P),"TB
vs.
NYY",Hard Rock,+5.24%,-140,o4.5,-20.85%,+105,u4.5,05:15 AM,04/12/2026,04/12/2026,7,Win,Loss
Drew Rasmussen(P),"TB
vs.
NYY",Hard Rock,+5.24%,-130,o4.5,-20.85%,+100,u4.5,04:21 AM,04/12/2026,04/12/2026,7,Win,Loss
